time_s,flow_rate_m3_s,flow_rate_L_min
0.0,0.0,0.0
0.005,1.6448664224806536e-06,0.09869198534883922
0.01,3.2893269987842245e-06,0.19735961992705348
0.015,4.932975982870102e-06,0.29597855897220615
0.02,6.57540782894591e-06,0.3945244697367546
0.025,8.216217291529866e-06,0.49297303749179194
0.03,9.854999525439034e-06,0.5912999715263421
0.035,1.1491350185678827e-05,0.6894810111407297
0.04,1.3124865527209064e-05,0.7874919316325438
0.045,1.475514250456204e-05,0.8853085502737223
0.05,1.6381778871287952e-05,0.9829067322772771
0.055,1.8004373279203194e-05,1.0802623967521916
0.06,1.962252537741701e-05,1.1773515226450206
0.065,2.1235835911112104e-05,1.2741501546667262
0.07,2.2843906820054765e-05,1.3706344092032858
0.075,2.4446341336810284e-05,1.466780480208617
0.08,2.6042744084639412e-05,1.5625646450783648
0.085,2.7632721175051598e-05,1.6579632705030958
0.09,2.921588030499112e-05,1.7529528182994671
0.095,3.0791830853631985e-05,1.847509851217919
0.1,3.236018397875777e-05,1.9416110387254661
0.105,3.3920552712702626e-05,2.0352331627621574
0.11,3.547255205782975e-05,2.128353123469785
0.115,3.70157990815238e-05,2.220947944891428
0.12,3.8549913010673764e-05,2.312994780640426
0.125,4.0074515325623085e-05,2.4044709195373852
0.13,4.158922985356364e-05,2.4953537912138186
0.135,4.309368286135085e-05,2.5856209716810508
0.14,4.458750314771663e-05,2.675250188862998
0.145,4.607032213485783e-05,2.7642193280914698
0.15,4.75417739593773e-05,2.8525064375626377
0.155,4.9001495562555124e-05,2.9400897337533074
0.16,5.0449126779928004e-05,3.02694760679568
0.165,5.188431043015443e-05,3.113058625809266
0.17,5.33066924031438e-05,3.198401544188628
0.175,5.4715921747427856e-05,3.282955304845671
0.18,5.611165075675267e-05,3.36669904540516
0.185,5.74935350558699e-05,3.4496121033521936
0.19,5.886123368550631e-05,3.5316740211303785
0.195,6.021440918649037e-05,3.612864551189422
0.2,6.155272768301523e-05,3.6931636609809138
0.205,6.28758589650175e-05,3.7725515379010504
0.21,6.418347656965186e-05,3.8510085941791115
0.215,6.547525786184062e-05,3.9285154717104374
0.22,6.67508841138793e-05,4.005053046832758
0.225,6.801004058407779e-05,4.080602435044667
0.23,6.925241659441824e-05,4.155144995665094
0.235,7.047770560721018e-05,4.228662336432611
0.24,7.168560530072407e-05,4.3011363180434445
0.245,7.287581764378475e-05,4.372549058627085
0.25,7.404804896930609e-05,4.442882938158365
0.255,7.5202010046749e-05,4.51212060280494
0.26,7.633741615348472e-05,4.580244969209083
0.265,7.745398714504582e-05,4.647239228702749
0.27,7.855144752424779e-05,4.713086851454867
0.275,7.962952650916368e-05,4.777771590549821
0.28,8.06879580999356e-05,4.8412774859961365
0.285,8.17264811444062e-05,4.9035888686643725
0.29,8.274483940255402e-05,4.964690364153241
0.295,8.374278160971686e-05,5.0245668965830115
0.3,8.472006153858766e-05,5.0832036923152595
0.305,8.567643805996729e-05,5.140586283598037
0.31,8.661167520225968e-05,5.196700512135581
0.315,8.752554220969423e-05,5.2515325325816535
0.32,8.841781359926136e-05,5.305068815955681
0.325,8.928826921634699e-05,5.357296152980819
0.33,9.013669428905255e-05,5.408201657343153
0.335,9.096287948118658e-05,5.457772768871195
0.34,9.176662094391544e-05,5.5059972566349265
0.345,9.254772036605978e-05,5.5528632219635865
0.35,9.330598502302508e-05,5.598359101381504
0.355,9.404122782435337e-05,5.642473669461202
0.36,9.47532673598851e-05,5.685196041593106
0.365,9.544192794451934e-05,5.726515676671161
0.37,9.610703966156152e-05,5.766422379693691
0.375,9.674843840464768e-05,5.804906304278861
0.38,9.736596591823548e-05,5.841957955094129
0.385,9.795946983665117e-05,5.87756819019907
0.39,9.852880372168366e-05,5.9117282233010195
0.395,9.907382709871598e-05,5.944429625922958
0.4,9.959440549138519e-05,5.975664329483111
0.405,0.00010009041045476248,6.005424627285748
0.41,0.00010056171960704499,6.0337031764227
0.415,0.0001010082166597518,6.060492999585108
0.42,0.0001014297914464162,6.085787486784972
0.425,0.00010182633994976774,6.109580396986065
0.43,0.00010219776432739692,6.131865859643815
0.435,0.00010254397293589627,6.152638376153776
0.44,0.00010286488035347211,6.171892821208327
0.445,0.00010316040740102097,6.189624444061258
0.45,0.00010343048116166593,6.205828869699956
0.455,0.00010367503499874777,6.220502099924866
0.46,0.00010389400857226652,6.233640514335991
0.465,0.00010408734785376947,6.245240871226168
0.47,0.00010425500513968192,6.255300308380915
0.475,0.0001043969390630773,6.2638163437846375
0.48,0.00010451311460388378,6.270786876233027
0.485,0.00010460350309752507,6.276210185851504
0.49,0.00010466808224199285,6.280084934519571
0.495,0.00010470683610334954,6.282410166200973
0.5,0.00010471975511965977,6.283185307179586
0.505,0.00010470683610334954,6.282410166200973
0.51,0.00010466808224199285,6.280084934519571
0.515,0.00010460350309752507,6.276210185851504
0.52,0.00010451311460388378,6.270786876233027
0.525,0.0001043969390630773,6.2638163437846375
0.53,0.00010425500513968192,6.255300308380915
0.535,0.00010408734785376947,6.245240871226168
0.54,0.0001038940085722665,6.23364051433599
0.545,0.00010367503499874777,6.220502099924866
0.55,0.00010343048116166592,6.205828869699955
0.555,0.00010316040740102097,6.189624444061258
0.56,0.00010286488035347211,6.171892821208327
0.565,0.00010254397293589629,6.152638376153777
0.57,0.00010219776432739693,6.131865859643816
0.575,0.00010182633994976776,6.109580396986066
0.58,0.00010142979144641621,6.085787486784973
0.585,0.00010100821665975182,6.060492999585109
0.59,0.000100561719607045,6.0337031764227005
0.595,0.00010009041045476249,6.005424627285749
0.6,9.95944054913852e-05,5.975664329483112
0.605,9.907382709871599e-05,5.944429625922959
0.61,9.852880372168366e-05,5.9117282233010195
0.615,9.795946983665117e-05,5.87756819019907
0.62,9.736596591823548e-05,5.841957955094129
0.625,9.674843840464768e-05,5.804906304278861
0.63,9.610703966156153e-05,5.766422379693692
0.635,9.544192794451936e-05,5.726515676671162
0.64,9.475326735988509e-05,5.685196041593105
0.645,9.404122782435338e-05,5.642473669461203
0.65,9.330598502302509e-05,5.598359101381505
0.655,9.254772036605979e-05,5.552863221963587
0.66,9.176662094391543e-05,5.505997256634926
0.665,9.096287948118658e-05,5.457772768871195
0.67,9.013669428905255e-05,5.408201657343153
0.675,8.9288269216347e-05,5.35729615298082
0.68,8.841781359926134e-05,5.30506881595568
0.685,8.752554220969423e-05,5.2515325325816535
0.69,8.66116752022597e-05,5.196700512135583
0.695,8.567643805996733e-05,5.140586283598039
0.7,8.472006153858766e-05,5.0832036923152595
0.705,8.374278160971689e-05,5.024566896583013
0.71,8.274483940255405e-05,4.964690364153243
0.715,8.172648114440623e-05,4.903588868664373
0.72,8.06879580999356e-05,4.8412774859961365
0.725,7.962952650916368e-05,4.777771590549821
0.73,7.855144752424779e-05,4.713086851454867
0.735,7.745398714504585e-05,4.647239228702751
0.74,7.63374161534847e-05,4.580244969209082
0.745,7.5202010046749e-05,4.51212060280494
0.75,7.40480489693061e-05,4.442882938158366
0.755,7.287581764378476e-05,4.372549058627086
0.76,7.168560530072408e-05,4.301136318043445
0.765,7.047770560721018e-05,4.228662336432611
0.77,6.925241659441824e-05,4.155144995665094
0.775,6.80100405840778e-05,4.080602435044668
0.78,6.675088411387931e-05,4.005053046832758
0.785,6.547525786184062e-05,3.9285154717104374
0.79,6.418347656965186e-05,3.8510085941791115
0.795,6.287585896501752e-05,3.7725515379010512
0.8,6.155272768301523e-05,3.6931636609809138
0.805,6.021440918649035e-05,3.6128645511894213
0.81,5.8861233685506294e-05,3.5316740211303776
0.815,5.749353505586992e-05,3.449612103352195
0.82,5.61116507567527e-05,3.366699045405162
0.825,5.471592174742787e-05,3.282955304845672
0.83,5.3306692403143814e-05,3.198401544188629
0.835,5.188431043015444e-05,3.1130586258092663
0.84,5.044912677992803e-05,3.026947606795682
0.845,4.9001495562555124e-05,2.9400897337533074
0.85,4.7541773959377304e-05,2.852506437562638
0.855,4.6070322134857856e-05,2.7642193280914715
0.86,4.458750314771665e-05,2.675250188862999
0.865,4.3093682861350834e-05,2.58562097168105
0.87,4.158922985356364e-05,2.4953537912138186
0.875,4.007451532562309e-05,2.4044709195373857
0.88,3.8549913010673785e-05,2.312994780640427
0.885,3.701579908152383e-05,2.2209479448914298
0.89,3.547255205782974e-05,2.128353123469785
0.895,3.392055271270263e-05,2.035233162762158
0.9,3.236018397875778e-05,1.9416110387254668
0.905,3.0791830853632006e-05,1.8475098512179204
0.91,2.9215880304991104e-05,1.7529528182994663
0.915,2.7632721175051588e-05,1.6579632705030953
0.92,2.6042744084639416e-05,1.562564645078365
0.925,2.44463413368103e-05,1.466780480208618
0.93,2.2843906820054737e-05,1.3706344092032843
0.935,2.1235835911112087e-05,1.2741501546667253
0.94,1.9622525377417053e-05,1.1773515226450233
0.945,1.8004373279203245e-05,1.0802623967521947
0.95,1.6381778871287965e-05,0.982906732277278
0.955,1.475514250456206e-05,0.8853085502737236
0.96,1.3124865527209093e-05,0.7874919316325456
0.965,1.1491350185678865e-05,0.6894810111407319
0.97,9.854999525439039e-06,0.5912999715263423
0.975,8.21621729152988e-06,0.4929730374917928
0.98,6.575407828945932e-06,0.3945244697367559
0.985,4.932975982870134e-06,0.29597855897220804
0.99,3.289326998784219e-06,0.19735961992705314
0.995,1.6448664224806572e-06,0.09869198534883943
1.0,1.2824471291478599e-20,7.694682774887159e-16
1.005,-1.644866422480585e-06,-0.0986919853488351
1.01,-3.2893269987841936e-06,-0.19735961992705162
1.015,-4.932975982870062e-06,-0.2959785589722037
1.02,-6.575407828945908e-06,-0.3945244697367545
1.025,-8.216217291529807e-06,-0.4929730374917884
1.03,-9.854999525439013e-06,-0.5912999715263408
1.035,-1.1491350185678793e-05,-0.6894810111407276
1.04,-1.3124865527209068e-05,-0.787491931632544
1.045,-1.475514250456199e-05,-0.8853085502737195
1.05,-1.638177887128794e-05,-0.9829067322772763
1.055,-1.8004373279203174e-05,-1.0802623967521905
1.06,-1.962252537741703e-05,-1.1773515226450217
1.065,-2.1235835911112064e-05,-1.2741501546667238
1.07,-2.2843906820054758e-05,-1.3706344092032854
1.075,-2.4446341336810273e-05,-1.4667804802086164
1.08,-2.6042744084639436e-05,-1.5625646450783661
1.085,-2.7632721175051564e-05,-1.6579632705030938
1.09,-2.921588030499112e-05,-1.7529528182994671
1.095,-3.079183085363198e-05,-1.8475098512179187
1.1,-3.236018397875781e-05,-1.9416110387254686
1.105,-3.3920552712702606e-05,-2.0352331627621565
1.11,-3.5472552057829764e-05,-2.1283531234697857
1.115,-3.70157990815238e-05,-2.220947944891428
1.12,-3.8549913010673805e-05,-2.3129947806404285
1.125,-4.007451532562307e-05,-2.4044709195373843
1.13,-4.158922985356358e-05,-2.495353791213815
1.135,-4.3093682861350814e-05,-2.585620971681049
1.14,-4.4587503147716584e-05,-2.675250188862995
1.145,-4.607032213485783e-05,-2.7642193280914698
1.15,-4.7541773959377243e-05,-2.8525064375626346
1.155,-4.9001495562555104e-05,-2.940089733753306
1.16,-5.044912677992797e-05,-3.0269476067956784
1.165,-5.188431043015442e-05,-3.1130586258092654
1.17,-5.330669240314375e-05,-3.1984015441886253
1.175,-5.471592174742785e-05,-3.2829553048456708
1.18,-5.611165075675264e-05,-3.3666990454051584
1.185,-5.74935350558699e-05,-3.4496121033521936
1.19,-5.886123368550627e-05,-3.5316740211303763
1.195,-6.021440918649037e-05,-3.612864551189422
1.2,-6.155272768301521e-05,-3.693163660980913
1.205,-6.287585896501753e-05,-3.772551537901052
1.21,-6.418347656965184e-05,-3.8510085941791106
1.215,-6.547525786184064e-05,-3.9285154717104382
1.22,-6.67508841138793e-05,-4.005053046832758
1.225,-6.801004058407781e-05,-4.080602435044669
1.23,-6.925241659441823e-05,-4.155144995665093
1.235,-7.047770560721018e-05,-4.228662336432611
1.24,-7.168560530072408e-05,-4.301136318043445
1.245,-7.287581764378479e-05,-4.372549058627087
1.25,-7.404804896930609e-05,-4.442882938158365
1.255,-7.520201004674896e-05,-4.512120602804938
1.26,-7.633741615348469e-05,-4.580244969209081
1.265,-7.745398714504579e-05,-4.647239228702747
1.27,-7.855144752424778e-05,-4.713086851454866
1.275,-7.962952650916363e-05,-4.7777715905498175
1.28,-8.068795809993562e-05,-4.841277485996137
1.285,-8.172648114440616e-05,-4.90358886866437
1.29,-8.274483940255404e-05,-4.964690364153242
1.295,-8.374278160971686e-05,-5.0245668965830115
1.3,-8.472006153858765e-05,-5.083203692315259
1.305,-8.567643805996727e-05,-5.1405862835980365
1.31,-8.661167520225966e-05,-5.19670051213558
1.315,-8.752554220969422e-05,-5.251532532581653
1.32,-8.841781359926137e-05,-5.305068815955682
1.325,-8.928826921634696e-05,-5.357296152980817
1.33,-9.013669428905257e-05,-5.408201657343154
1.335,-9.09628794811866e-05,-5.4577727688711954
1.34,-9.176662094391544e-05,-5.5059972566349265
1.345,-9.254772036605978e-05,-5.5528632219635865
1.35,-9.330598502302508e-05,-5.598359101381504
1.355,-9.404122782435337e-05,-5.642473669461202
1.36,-9.475326735988513e-05,-5.685196041593108
1.365,-9.544192794451933e-05,-5.72651567667116
1.37,-9.610703966156153e-05,-5.766422379693692
1.375,-9.674843840464767e-05,-5.80490630427886
1.38,-9.736596591823545e-05,-5.841957955094127
1.385,-9.795946983665117e-05,-5.87756819019907
1.39,-9.852880372168364e-05,-5.911728223301019
1.395,-9.907382709871598e-05,-5.944429625922958
1.4,-9.959440549138519e-05,-5.975664329483111
1.405,-0.00010009041045476246,-6.005424627285747
1.41,-0.00010056171960704499,-6.0337031764227
1.415,-0.00010100821665975179,-6.060492999585107
1.42,-0.0001014297914464162,-6.085787486784972
1.425,-0.00010182633994976776,-6.109580396986066
1.43,-0.0001021977643273969,-6.131865859643814
1.435,-0.00010254397293589627,-6.152638376153776
1.44,-0.00010286488035347211,-6.171892821208327
1.445,-0.00010316040740102097,-6.189624444061258
1.45,-0.00010343048116166592,-6.205828869699955
1.455,-0.00010367503499874777,-6.220502099924866
1.46,-0.0001038940085722665,-6.23364051433599
1.465,-0.00010408734785376947,-6.245240871226168
1.47,-0.00010425500513968192,-6.255300308380915
1.475,-0.0001043969390630773,-6.2638163437846375
1.48,-0.00010451311460388378,-6.270786876233027
1.485,-0.00010460350309752507,-6.276210185851504
1.49,-0.00010466808224199285,-6.280084934519571
1.495,-0.00010470683610334954,-6.282410166200973
1.5,-0.00010471975511965977,-6.283185307179586
1.505,-0.00010470683610334954,-6.282410166200973
1.51,-0.00010466808224199285,-6.280084934519571
1.515,-0.00010460350309752507,-6.276210185851504
1.52,-0.00010451311460388378,-6.270786876233027
1.525,-0.00010439693906307731,-6.263816343784638
1.53,-0.00010425500513968192,-6.255300308380915
1.535,-0.00010408734785376948,-6.2452408712261684
1.54,-0.00010389400857226652,-6.233640514335991
1.545,-0.00010367503499874777,-6.220502099924866
1.55,-0.00010343048116166593,-6.205828869699956
1.555,-0.00010316040740102097,-6.189624444061258
1.56,-0.00010286488035347211,-6.171892821208327
1.565,-0.00010254397293589629,-6.152638376153777
1.57,-0.00010219776432739692,-6.131865859643815
1.575,-0.00010182633994976777,-6.1095803969860665
1.58,-0.0001014297914464162,-6.085787486784972
1.585,-0.0001010082166597518,-6.060492999585108
1.59,-0.000100561719607045,-6.0337031764227005
1.595,-0.00010009041045476248,-6.005424627285748
1.6,-9.95944054913852e-05,-5.975664329483112
1.605,-9.907382709871599e-05,-5.944429625922959
1.61,-9.852880372168365e-05,-5.911728223301019
1.615,-9.795946983665118e-05,-5.877568190199071
1.62,-9.736596591823547e-05,-5.841957955094128
1.625,-9.674843840464768e-05,-5.804906304278861
1.63,-9.610703966156154e-05,-5.766422379693693
1.635,-9.544192794451934e-05,-5.726515676671161
1.64,-9.475326735988515e-05,-5.685196041593109
1.645,-9.404122782435338e-05,-5.642473669461203
1.65,-9.33059850230251e-05,-5.598359101381506
1.655,-9.25477203660598e-05,-5.552863221963588
1.66,-9.176662094391546e-05,-5.505997256634927
1.665,-9.096287948118662e-05,-5.457772768871197
1.67,-9.013669428905259e-05,-5.408201657343156
1.675,-8.928826921634697e-05,-5.357296152980818
1.68,-8.84178135992614e-05,-5.305068815955684
1.685,-8.752554220969424e-05,-5.251532532581654
1.69,-8.661167520225968e-05,-5.196700512135581
1.695,-8.56764380599673e-05,-5.140586283598038
1.7,-8.472006153858768e-05,-5.08320369231526
1.705,-8.374278160971689e-05,-5.024566896583013
1.71,-8.274483940255405e-05,-4.964690364153243
1.715,-8.172648114440619e-05,-4.903588868664372
1.72,-8.068795809993563e-05,-4.841277485996138
1.725,-7.962952650916365e-05,-4.777771590549819
1.73,-7.855144752424778e-05,-4.713086851454866
1.735,-7.745398714504582e-05,-4.647239228702749
1.74,-7.633741615348472e-05,-4.580244969209083
1.745,-7.520201004674901e-05,-4.5121206028049405
1.75,-7.404804896930612e-05,-4.442882938158367
1.755,-7.287581764378477e-05,-4.3725490586270865
1.76,-7.16856053007241e-05,-4.301136318043445
1.765,-7.04777056072102e-05,-4.228662336432612
1.77,-6.925241659441828e-05,-4.155144995665097
1.775,-6.801004058407785e-05,-4.080602435044671
1.78,-6.67508841138793e-05,-4.005053046832758
1.785,-6.54752578618407e-05,-3.9285154717104422
1.79,-6.418347656965187e-05,-3.8510085941791123
1.795,-6.287585896501752e-05,-3.7725515379010512
1.8,-6.155272768301524e-05,-3.6931636609809146
1.805,-6.02144091864904e-05,-3.612864551189424
1.81,-5.886123368550634e-05,-3.5316740211303803
1.815,-5.749353505586993e-05,-3.449612103352196
1.82,-5.6111650756752635e-05,-3.366699045405158
1.825,-5.471592174742793e-05,-3.2829553048456757
1.83,-5.3306692403143794e-05,-3.1984015441886275
1.835,-5.1884310430154415e-05,-3.113058625809265
1.84,-5.0449126779928004e-05,-3.02694760679568
1.845,-4.900149556255514e-05,-2.9400897337533083
1.85,-4.754177395937732e-05,-2.852506437562639
1.855,-4.607032213485786e-05,-2.7642193280914715
1.86,-4.458750314771658e-05,-2.6752501888629947
1.865,-4.309368286135089e-05,-2.5856209716810534
1.87,-4.1589229853563616e-05,-2.495353791213817
1.875,-4.0074515325623146e-05,-2.404470919537389
1.88,-3.8549913010673846e-05,-2.3129947806404307
1.885,-3.7015799081523793e-05,-2.2209479448914276
1.89,-3.5472552057829845e-05,-2.1283531234697906
1.895,-3.3920552712702647e-05,-2.0352331627621587
1.9,-3.2360183978757795e-05,-1.9416110387254677
1.905,-3.079183085363202e-05,-1.847509851217921
1.91,-2.921588030499116e-05,-1.7529528182994696
1.915,-2.7632721175051645e-05,-1.6579632705030987
1.92,-2.604274408463947e-05,-1.5625646450783681
1.925,-2.4446341336810263e-05,-1.4667804802086157
1.93,-2.2843906820054843e-05,-1.3706344092032905
1.935,-2.1235835911112104e-05,-1.2741501546667262
1.94,-1.962252537741702e-05,-1.177351522645021
1.945,-1.800437327920321e-05,-1.0802623967521927
1.95,-1.638177887128798e-05,-0.9829067322772788
1.955,-1.4755142504562075e-05,-0.8853085502737246
1.96,-1.3124865527209105e-05,-0.7874919316325463
1.965,-1.1491350185678787e-05,-0.6894810111407272
1.97,-9.854999525439096e-06,-0.5912999715263457
1.975,-8.216217291529846e-06,-0.4929730374917907
1.98,-6.575407828945899e-06,-0.394524469736754
1.985,-4.9329759828701e-06,-0.295978558972206
1.99,-3.289326998784232e-06,-0.19735961992705392
1.995,-1.6448664224806699e-06,-0.09869198534884019
2.0,0.0,0.0
