iteration,Ux_initial,Uy_initial,Uz_initial,p_initial,Ux_final,Uy_final,Uz_final,p_final,p_corrections,Ux_linear_iterations,Uy_linear_iterations,Uz_linear_iterations,continuity_local,continuity_global,continuity_cumulative
1,1.0,1.0,1.0,1.0,0.015698935,0.017846242,0.018656455,0.00066818481,3,2,3,3,55.95299,1.0319313,1.0319313
2,0.37842867,0.42143511,0.38903419,0.3493797,0.013420364,0.018415526,0.0094148109,0.00048582381,3,2,2,3,29.664525,0.23838906,1.2703204
3,0.32261802,0.46191043,0.57346425,0.11266413,0.014030437,0.0088022604,0.011153298,0.0026961443,3,3,4,4,17.982807,-0.13787967,1.1324407
4,0.17502609,0.29510095,0.33251828,0.11166862,0.0076869176,0.0055807853,0.0064322099,0.00065619756,3,3,4,4,27.652689,0.40309679,1.5355375
5,0.15610189,0.22865644,0.15490042,0.30196971,0.0077634208,0.0051562202,0.0056611161,0.00043047241,3,2,3,3,12.700416,0.33980888,1.8753464
6,0.22735421,0.33290247,0.35112182,0.20279035,0.0080984692,0.015248766,0.0066980055,0.0019170948,3,3,3,4,16.199141,0.10942234,1.9847687
7,0.16648604,0.23394809,0.23257811,0.24387912,0.0059883762,0.010445777,0.011575326,0.00059884388,3,3,3,3,15.203188,-0.12042491,1.8643438
8,0.15539259,0.21435718,0.15243803,0.21289718,0.0028836536,0.0055731204,0.0063449907,0.00055583101,3,3,3,3,8.2909674,-0.022386291,1.8419575
9,0.14496931,0.22436147,0.21589836,0.15437745,0.0050257091,0.010125025,0.0041268561,0.0013946035,3,3,3,4,9.0052123,-0.001831948,1.8401256
10,0.073861276,0.11041451,0.088842476,0.18900982,0.0022923983,0.0043403844,0.0042268637,0.00057627041,3,3,3,3,8.0396184,0.10033001,1.9404556
11,0.07464898,0.11115711,0.084400337,0.17436529,0.0016224009,0.0033418664,0.0038347282,0.00049038462,3,3,3,3,3.559812,0.016516103,1.9569717
12,0.077816888,0.12162113,0.11689631,0.1545614,0.002717363,0.005482533,0.0022222558,0.0010154176,3,3,3,4,5.7580304,-0.0076940588,1.9492777
13,0.044850929,0.062155438,0.043022771,0.17669727,0.0012016971,0.0019965026,0.0017597737,0.00049036017,3,3,3,3,4.1939973,-0.049097474,1.9001802
14,0.047569012,0.070641985,0.057874041,0.11395345,0.0011675298,0.0024079237,0.0027657763,0.00034015639,3,3,3,3,1.4843342,0.013416283,1.9135965
15,0.040024886,0.064403912,0.061124214,0.11142292,0.0014267797,0.0029444594,0.0011717711,0.00089331843,3,3,3,4,3.5129537,0.0027387847,1.9163352
16,0.022365106,0.031201645,0.019652941,0.10652097,0.00052414183,0.00084355182,0.00067919759,0.00043459594,3,3,3,3,2.1627341,0.02876409,1.9450993
17,0.025673195,0.038460293,0.032952789,0.094499264,0.00067111686,0.0013562301,0.0015706358,0.00032593199,3,3,3,3,0.8777893,-0.002580178,1.9425192
18,0.021092722,0.032871893,0.030591039,0.095633487,0.00073909887,0.0014504022,0.001518041,0.00059676122,3,3,3,3,2.077205,-0.0027796208,1.9397395
19,0.013654474,0.018388621,0.011989749,0.082413333,0.00029900607,0.00041408532,0.00035009071,0.00043272429,3,3,3,3,1.5930004,-0.0046980017,1.9350415
20,0.014881313,0.02264037,0.020224352,0.063008092,0.00041741409,0.00085835845,0.00098173943,0.00028753422,3,3,3,3,0.73391154,-0.0024453715,1.9325962
21,0.011287646,0.017971598,0.016744773,0.0595643,0.00039801957,0.00079127557,0.00083208346,0.00047179553,3,3,3,3,1.2020359,0.0017367188,1.9343329
22,0.0081249937,0.011313918,0.0078464348,0.050601664,0.00019621041,0.00031093557,0.00027333896,0.000332359,3,3,3,3,0.85523304,0.0039481373,1.938281
23,0.0087401829,0.013049976,0.011075168,0.05274738,0.0002566519,0.00047186999,0.00050221527,0.00021758672,3,3,3,3,0.46964981,0.00059680232,1.9388778
24,0.0067880705,0.010109874,0.0088043725,0.049854747,0.0002336651,0.0003988633,0.00039944686,0.00026762157,3,3,3,3,0.70040434,-0.0017885966,1.9370892
25,0.0055597038,0.0078731873,0.0063387686,0.038865385,0.00015249973,0.00024296645,0.00023794014,0.00018656756,3,3,3,3,0.48049239,-0.0021269999,1.9349622
26,0.0055169208,0.0085827054,0.0078260872,0.035084543,0.00017400434,0.00033516507,0.0003592639,0.00014631803,3,3,3,3,0.3314196,0.00032263929,1.9352849
27,0.0043749185,0.006886858,0.0063034506,0.032399894,0.00015424751,0.00028084669,0.00028664415,0.00019969816,3,3,3,3,0.4160767,0.0022843113,1.9375692
28,0.0039895155,0.0058762214,0.0050330908,0.02944777,0.00012907396,0.00021295791,0.00020660105,0.0001376619,3,3,3,3,0.28749853,-0.00093624945,1.9366329
29,0.0039560976,0.005915525,0.0053253738,0.029057698,0.00013922518,0.00023031326,0.00023004247,0.00010007735,3,3,3,3,0.22462338,0.00012217172,1.9367551
30,0.0034349771,0.0051627032,0.0047355348,0.027352014,0.00012796267,0.00020577669,0.00020346162,0.00011672022,3,3,3,3,0.27469309,0.00098938112,1.9377445
31,0.0032028646,0.004852541,0.0044473184,0.024793381,0.00011511614,0.00018822022,0.00018891506,8.1275557e-05,3,3,3,3,0.18882504,0.00015978744,1.9379043
32,0.0030555081,0.0047671618,0.0045014564,0.023376388,0.00011461864,0.00019548898,0.00020130558,7.1343182e-05,3,3,3,3,0.1598879,4.5231829e-05,1.9379495
33,0.0027980106,0.0043613145,0.0041315087,0.022035369,0.00010948134,0.00018138664,0.00018448088,7.9796818e-05,3,3,3,3,0.1748261,-0.00057530756,1.9373742
34,0.0027321963,0.0041848278,0.0039300302,0.021002918,0.00010700624,0.00017256186,0.00017281381,5.5474335e-05,3,3,3,3,0.12274321,0.00017182565,1.937546
35,0.0026741947,0.0040729508,0.0038690933,0.02041165,0.00010722917,0.00017068954,0.00017114295,4.6349572e-05,3,3,3,3,0.10464356,0.0001668396,1.9377129
36,0.0025509155,0.0038589428,0.0036985732,0.019611548,0.00010402495,0.00016284673,0.00016410649,5.4506168e-05,3,3,3,3,0.1245556,8.9615402e-05,1.9378025
37,0.0024742425,0.0037271418,0.0035880482,0.01872578,0.00010103712,0.00015792631,0.00016054237,3.695111e-05,3,3,3,3,0.08408398,-0.0002116685,1.9375908
38,0.0023984587,0.0036213865,0.0035097395,0.018007222,9.9461182e-05,0.00015575584,0.00015938602,3.6404215e-05,3,3,3,3,0.082140336,0.00018051442,1.9377713
39,0.0023278837,0.0035013034,0.0033966493,0.017370961,9.7872539e-05,0.00015199371,0.00015475954,3.9628275e-05,3,3,3,3,0.088988159,0.00035751634,1.9381288
40,0.0022950063,0.0034263086,0.0033168538,0.016860221,9.7083754e-05,0.00014929089,0.00015091027,3.2645711e-05,3,3,3,3,0.07361087,0.00028322228,1.9384121
41,0.0022599201,0.0033470969,0.003247958,0.016450067,9.6446798e-05,0.0001466414,0.00014800063,2.6572187e-05,3,3,3,3,0.060235831,4.7839319e-05,1.9384599
42,0.0022180292,0.0032513585,0.0031660703,0.016028133,9.526501e-05,0.00014310636,0.00014475202,2.7419697e-05,3,3,3,3,0.062431242,-0.00010843827,1.9383515
43,0.0021774883,0.0031675956,0.0030950321,0.01559958,9.3922939e-05,0.00014008843,0.00014228002,2.5146035e-05,3,3,3,3,0.057222958,-0.00027395643,1.9380775
44,0.0021371697,0.0030945336,0.0030319158,0.015210914,9.2746006e-05,0.00013771708,0.00014022139,2.4370226e-05,3,3,3,3,0.05544362,0.00020611504,1.9382836
45,0.0021015758,0.0030288311,0.0029706927,0.014855383,9.1595169e-05,0.00013555294,0.0001378394,2.7030932e-05,3,3,3,3,0.06146644,0.00028952087,1.9385731
46,0.0020744958,0.0029717506,0.0029156562,0.014563688,9.0587269e-05,0.00013352569,0.00013555361,2.2961539e-05,3,3,3,3,0.052307049,0.00029866308,1.9388718
47,0.0020497614,0.0029156948,0.0028614602,0.01432123,8.9715061e-05,0.00013142547,0.00013334297,1.9071422e-05,3,3,3,3,0.043516207,-0.00014605305,1.9387257
48,0.0020247472,0.0028574528,0.0028054277,0.014105454,8.8825019e-05,0.00012920478,0.00013110813,2.1261239e-05,3,3,3,3,0.048634525,-0.00023119881,1.9384946
49,0.0019989374,0.0028005147,0.0027523934,0.013884393,8.7875586e-05,0.00012712355,0.00012903328,1.9212043e-05,3,3,3,3,0.04401131,-0.00033376094,1.9381608
50,0.0019728704,0.0027483359,0.0027038409,0.013651421,8.6872618e-05,0.00012522871,0.00012710989,1.7144619e-05,3,3,3,3,0.03931839,-0.00032459118,1.9378362
51,0.0019474889,0.0027009839,0.0026584416,0.013424924,8.5811876e-05,0.00012346678,0.00012522674,2.1692395e-05,3,3,3,3,0.049817231,0.00026163781,1.9380978
52,0.0019242105,0.0026563724,0.0026158012,0.013213838,8.4788821e-05,0.00012170783,0.00012338897,2.0663156e-05,3,3,3,3,0.04750757,0.00028939542,1.9383872
53,0.0019024531,0.0026118694,0.0025744894,0.013016059,8.386095e-05,0.00011996978,0.00012159093,1.6273018e-05,3,3,3,3,0.037460916,0.00031766223,1.9387049
54,0.0018817137,0.0025685049,0.0025337267,0.01284335,8.301801e-05,0.00011829976,0.00011986274,1.8352759e-05,3,3,3,3,0.042309027,-3.0092794e-05,1.9386748
55,0.0018620095,0.0025282003,0.0024942552,0.012695576,8.2314933e-05,0.00011675863,0.0001182517,1.7602749e-05,3,3,3,3,0.040642881,-0.00031133068,1.9383635
56,0.0018424256,0.0024905972,0.0024567697,0.012573696,8.1670359e-05,0.00011531823,0.0001167448,1.6509436e-05,3,3,3,3,0.038181467,-0.00031203523,1.9380514
57,0.0018230486,0.0024552562,0.0024219553,0.012467893,8.1071693e-05,0.00011393364,0.00011530789,1.548787e-05,3,3,3,3,0.035875705,-0.00058808796,1.9374633
58,0.0018049425,0.0024216777,0.0023892595,0.012378225,8.0491498e-05,0.00011259392,0.00011393534,1.5824107e-05,3,3,3,3,0.036707728,-0.00015035534,1.937313
59,0.0017888706,0.0023893801,0.0023575849,0.012273068,7.9974903e-05,0.000111308,0.0001126264,1.5963496e-05,3,3,3,3,0.037081705,-2.5613693e-05,1.9372874
60,0.0017737366,0.0023587138,0.0023264043,0.012175592,7.9460022e-05,0.00011006245,0.0001113458,1.6065751e-05,3,3,3,3,0.037369205,-0.00014848174,1.9371389
61,0.0017588259,0.002329216,0.0022966312,0.012084514,7.8936367e-05,0.00010887086,0.0001100942,1.7059629e-05,3,3,3,3,0.039734667,4.3212805e-05,1.9371821
62,0.0017436217,0.002300547,0.002268255,0.012001082,7.841391e-05,0.00010771289,0.00010891522,1.6522813e-05,3,3,3,3,0.038539229,-9.7417052e-06,1.9371724
63,0.0017285249,0.0022724099,0.0022411894,0.01188735,7.7884025e-05,0.00010656945,0.00010779358,1.5280166e-05,3,3,3,3,0.035691635,-0.00020230252,1.9369701
64,0.0017141269,0.0022452729,0.0022153582,0.011742854,7.734757e-05,0.00010548633,0.00010673359,1.5183524e-05,3,3,3,3,0.035513513,-9.3994103e-05,1.9368761
65,0.0017004727,0.0022191525,0.0021908345,0.011595953,7.6867303e-05,0.00010447585,0.00010569312,1.5174116e-05,3,3,3,3,0.035538426,-4.3234028e-05,1.9368328
66,0.0016884796,0.0021943577,0.0021673837,0.011466672,7.6466145e-05,0.00010349717,0.00010470484,1.5421504e-05,3,3,3,3,0.036164642,-0.00016048308,1.9366724
67,0.0016778388,0.0021710622,0.0021452728,0.011354374,7.6121075e-05,0.00010259163,0.00010375257,1.5696014e-05,3,3,3,3,0.036855258,-0.00035593864,1.9363164
68,0.0016677555,0.0021490052,0.0021240922,0.011298133,7.5828965e-05,0.00010173205,0.00010287147,1.700053e-05,3,3,3,3,0.03996707,-1.0856798e-06,1.9363153
69,0.0016578436,0.0021283209,0.0021043667,0.011261508,7.5526835e-05,0.00010091442,0.00010205147,1.5865112e-05,3,3,3,3,0.037343109,-0.00038607559,1.9359293
70,0.0016476753,0.0021087835,0.0020859644,0.011232012,7.5202963e-05,0.00010013106,0.00010127145,1.6080089e-05,3,3,3,3,0.037892458,-0.00031461522,1.9356146
71,0.001637412,0.0020898577,0.0020686785,0.011195796,7.4868565e-05,9.9401221e-05,0.00010056353,1.6190221e-05,3,3,3,3,0.038196183,-0.00025162316,1.935363
72,0.0016277501,0.002071742,0.002052875,0.011172135,7.4561353e-05,9.8743288e-05,9.9912834e-05,1.6349127e-05,3,3,3,3,0.038614823,-0.00023103095,1.935132
73,0.0016196885,0.0020547101,0.0020383655,0.011174447,7.4277282e-05,9.8128537e-05,9.9327082e-05,1.6815951e-05,3,3,3,3,0.03976251,-0.00025621239,1.9348758
74,0.0016130486,0.0020386708,0.0020247556,0.011162907,7.3987072e-05,9.7553553e-05,9.8796709e-05,1.6945793e-05,3,3,3,3,0.040114664,-0.00034649055,1.9345293
75,0.0016074664,0.0020239724,0.0020123802,0.011127152,7.3679715e-05,9.6992461e-05,9.8296027e-05,1.6689164e-05,3,3,3,3,0.039551579,-0.00048140197,1.9340479
76,0.0016018544,0.002010547,0.0020010013,0.011091906,7.3366392e-05,9.6422979e-05,9.7794987e-05,1.7495917e-05,3,3,3,3,0.041510258,-9.9659126e-05,1.9339482
77,0.0015961195,0.0019978803,0.0019909429,0.011060538,7.3029979e-05,9.5832254e-05,9.7330738e-05,1.6479472e-05,3,3,3,3,0.039144907,-0.00025552015,1.9336927
78,0.0015899298,0.0019852547,0.0019818702,0.011032578,7.2671046e-05,9.523039e-05,9.6907784e-05,1.6618668e-05,3,3,3,3,0.039518767,-0.00014742342,1.9335453
79,0.001583954,0.0019731442,0.0019733283,0.011021703,7.229888e-05,9.4637533e-05,9.6509571e-05,1.6713472e-05,3,3,3,3,0.039785883,-9.317105e-05,1.9334521
80,0.0015787191,0.0019620951,0.0019653214,0.011033211,7.1925186e-05,9.4088624e-05,9.6133719e-05,1.6869066e-05,3,3,3,3,0.040197742,-0.00014187869,1.9333102
81,0.001573858,0.0019515674,0.0019578197,0.011044714,7.1574224e-05,9.3568721e-05,9.5768193e-05,1.6807772e-05,3,3,3,3,0.040094299,-0.00026621406,1.933044
82,0.0015689947,0.0019409286,0.0019504607,0.011074421,7.1250022e-05,9.3057055e-05,9.5405237e-05,1.6852633e-05,3,3,3,3,0.040243928,-0.00054643121,1.9324976
83,0.0015647024,0.0019305948,0.0019433617,0.01111806,7.093484e-05,9.2525149e-05,9.5056386e-05,1.8564001e-05,3,3,3,3,0.044376822,-0.00015692661,1.9323407
84,0.0015606268,0.0019201941,0.0019371176,0.011130916,7.0614596e-05,9.1986043e-05,9.4717346e-05,1.6679632e-05,3,3,3,3,0.039915392,-0.00044260794,1.931898
85,0.0015565271,0.0019092433,0.0019316421,0.011125537,7.0291051e-05,9.1415228e-05,9.4408216e-05,1.6816074e-05,3,3,3,3,0.040281831,-0.00033338584,1.9315647
86,0.0015524404,0.0018982232,0.0019267644,0.011114106,6.9957742e-05,9.0803573e-05,9.4104026e-05,1.7077755e-05,3,3,3,3,0.040947079,-0.00025963139,1.931305
87,0.0015481381,0.001887349,0.0019217438,0.011136666,6.9617884e-05,9.0197237e-05,9.3800129e-05,1.7171053e-05,3,3,3,3,0.041209226,-0.00020834383,1.9310967
88,0.0015438262,0.0018769818,0.0019164664,0.011151721,6.9264374e-05,8.959171e-05,9.3468919e-05,1.7039091e-05,3,3,3,3,0.04092996,-0.00019783343,1.9308989
89,0.00153935,0.0018668637,0.0019110766,0.011169261,6.8879052e-05,8.8984692e-05,9.3158481e-05,1.6764922e-05,3,3,3,3,0.040308734,-0.00019875397,1.9307001
90,0.0015351588,0.0018570497,0.001905213,0.011198437,6.8463818e-05,8.8389505e-05,9.2854575e-05,1.669083e-05,3,3,3,3,0.040169115,-0.00019064839,1.9305095
91,0.0015311855,0.0018476341,0.0018990748,0.011211351,6.8051213e-05,8.7826625e-05,9.2549612e-05,1.67083e-05,3,3,3,3,0.040250931,-0.00016265715,1.9303468
92,0.0015274069,0.0018390998,0.0018928632,0.0112187,6.7670418e-05,8.7280133e-05,9.2244228e-05,1.6724631e-05,3,3,3,3,0.040331438,-0.00010032723,1.9302465
93,0.0015242813,0.0018312918,0.0018867183,0.011214148,6.7314196e-05,8.6766903e-05,9.1921768e-05,1.6728194e-05,3,3,3,3,0.040381359,-1.7143907e-05,1.9302293
94,0.0015208067,0.0018230089,0.0018807096,0.011216363,6.6953147e-05,8.6292776e-05,9.1593491e-05,1.6739605e-05,3,3,3,3,0.040451989,9.0974589e-05,1.9303203
95,0.0015169823,0.0018143259,0.0018746421,0.011235737,6.6604072e-05,8.5834702e-05,9.1260789e-05,1.6978079e-05,3,3,3,3,0.041074997,0.00033957021,1.9306599
96,0.0015129969,0.0018060345,0.0018681797,0.011256628,6.6262405e-05,8.5385218e-05,9.0914384e-05,1.6508194e-05,3,3,3,3,0.039982889,0.00043671104,1.9310966
97,0.0015094188,0.0017995859,0.001861149,0.011261136,6.5931755e-05,8.4963096e-05,9.0548861e-05,1.6995608e-05,3,3,3,3,0.041209568,0.00072879146,1.9318254
98,0.0015061669,0.0017943184,0.0018542505,0.011258903,6.560816e-05,8.4588759e-05,9.0180845e-05,1.7157038e-05,3,3,3,3,0.041644373,0.00091258717,1.932738
99,0.0015032784,0.0017894785,0.0018467958,0.011239068,6.5286539e-05,8.4244475e-05,8.9750011e-05,2.0018321e-05,3,3,3,3,0.048638576,0.00046462009,1.9332026
100,0.00150122,0.0017840415,0.0018384172,0.011250402,6.4997043e-05,8.3867561e-05,8.9262548e-05,1.7064231e-05,3,3,3,3,0.041498776,0.00088917345,1.9340918
101,0.0014989857,0.0017780838,0.0018296265,0.011281791,6.4679447e-05,8.3443891e-05,8.8730959e-05,1.7025329e-05,3,3,3,3,0.041444415,0.0008508865,1.9349426
102,0.0014964285,0.001771474,0.0018206227,0.011312833,6.4344736e-05,8.2967278e-05,8.815989e-05,1.703792e-05,3,3,3,3,0.041513681,0.00085217083,1.9357948
103,0.0014944639,0.0017640167,0.001811176,0.011315528,6.4000036e-05,8.2436583e-05,8.7576178e-05,1.706409e-05,3,3,3,3,0.041615443,0.00089846893,1.9366933
104,0.0014923292,0.001756699,0.0018005624,0.011296416,6.3693867e-05,8.1871503e-05,8.6955188e-05,1.7096471e-05,3,3,3,3,0.04173231,0.0009671078,1.9376604
105,0.0014906175,0.0017502732,0.0017885468,0.011276677,6.3404623e-05,8.1333078e-05,8.6266022e-05,2.0445569e-05,3,3,3,3,0.049952707,0.00053787166,1.9381983
106,0.0014899762,0.0017441596,0.0017758523,0.011253331,6.314105e-05,8.0827985e-05,8.5494445e-05,1.6809013e-05,3,3,3,3,0.041103152,0.00084497134,1.9390432
107,0.0014897166,0.0017387401,0.0017621425,0.01123644,6.2871582e-05,8.0357637e-05,8.4689562e-05,1.7165309e-05,3,3,3,3,0.042013762,0.00079467694,1.9398379
108,0.001490187,0.0017333447,0.0017480078,0.011236243,6.2615297e-05,7.9888441e-05,8.3833405e-05,1.7119156e-05,3,3,3,3,0.041940864,0.0007902344,1.9406281
109,0.0014911625,0.0017270974,0.0017326843,0.011246983,6.2378706e-05,7.9425632e-05,8.2934572e-05,1.7457117e-05,3,3,3,3,0.042808124,0.00082623461,1.9414544
110,0.0014929657,0.0017199528,0.001716518,0.011263056,6.2164992e-05,7.8949156e-05,8.1973288e-05,1.8096562e-05,3,3,3,3,0.044415109,0.00091457565,1.9423689
111,0.0014948206,0.0017127024,0.0017002483,0.011282417,6.1986194e-05,7.8481117e-05,8.0965805e-05,2.1244416e-05,3,3,3,3,0.05218765,0.00053419336,1.9429031
112,0.0014975328,0.0017064544,0.0016840553,0.011301242,6.1897389e-05,7.8009302e-05,7.9919296e-05,2.0436382e-05,3,3,3,3,0.050244677,0.00051670806,1.9434199
113,0.0015005042,0.0016997837,0.0016685759,0.011318095,6.1890249e-05,7.7513792e-05,7.8850257e-05,1.8389431e-05,3,3,3,3,0.045252764,0.00078815378,1.944208
114,0.001503475,0.0016921463,0.0016532326,0.011313624,6.1949382e-05,7.7055031e-05,7.7781444e-05,1.8715733e-05,3,3,3,3,0.04610043,0.00082305556,1.9450311
115,0.0015068178,0.0016851186,0.0016376939,0.011299877,6.2062149e-05,7.6623584e-05,7.6707157e-05,1.9260274e-05,3,3,3,3,0.047488958,0.00094019004,1.9459712
116,0.0015108881,0.0016795877,0.0016227905,0.011273979,6.2247096e-05,7.6209212e-05,7.5645208e-05,1.9685937e-05,3,3,3,3,0.048586672,0.0010620725,1.9470333
117,0.0015157952,0.0016743318,0.0016078252,0.01124969,6.2443324e-05,7.576662e-05,7.4585948e-05,2.2707222e-05,3,3,3,3,0.056097136,0.00065610176,1.9476894
118,0.0015205226,0.0016689488,0.0015922695,0.011235302,6.2661127e-05,7.5256312e-05,7.3518121e-05,1.8632779e-05,3,3,3,3,0.046071951,0.001384906,1.9490743
119,0.0015241282,0.0016628135,0.0015766836,0.011240899,6.2916709e-05,7.4716099e-05,7.241954e-05,2.233028e-05,3,3,3,3,0.055267668,0.00061360974,1.9496879
120,0.0015286559,0.0016563594,0.0015613511,0.011264561,6.3248908e-05,7.4115486e-05,7.1371212e-05,1.8721854e-05,3,3,3,3,0.046378324,0.0010496872,1.9507376
121,0.0015340022,0.0016495117,0.0015462677,0.011299256,6.3539859e-05,7.3451882e-05,7.0333423e-05,1.8785327e-05,3,3,3,3,0.046581017,0.00087650943,1.9516141
122,0.0015391667,0.0016419465,0.0015313799,0.01134922,6.3801091e-05,7.275122e-05,6.9329142e-05,1.8824966e-05,3,3,3,3,0.046724173,0.00070875726,1.9523229
123,0.0015438652,0.0016328743,0.0015164114,0.011398935,6.3917762e-05,7.1976017e-05,6.8329442e-05,1.8957705e-05,3,3,3,3,0.047095682,0.00052220013,1.9528451
124,0.0015481142,0.0016219149,0.001501694,0.011431027,6.386722e-05,7.1160255e-05,6.7340838e-05,1.9034385e-05,3,3,3,3,0.047324921,0.00024924633,1.9530943
125,0.0015519942,0.0016110493,0.0014879041,0.011482779,6.3701e-05,7.0280597e-05,6.636335e-05,1.9027764e-05,3,3,3,3,0.047343399,-7.1084388e-05,1.9530233
126,0.0015551865,0.0016013132,0.0014740632,0.011549811,6.3523263e-05,6.942194e-05,6.5422656e-05,2.1666476e-05,3,3,3,3,0.053946027,-5.42717e-05,1.952969
127,0.0015570948,0.0015919526,0.0014598238,0.011605104,6.3363719e-05,6.8603859e-05,6.4494342e-05,1.8482543e-05,3,3,3,3,0.046052271,-0.00050823097,1.9524608
128,0.0015573765,0.0015821308,0.0014461923,0.011653992,6.3161293e-05,6.7838698e-05,6.3638185e-05,1.8328193e-05,3,3,3,3,0.045694994,-0.00068990645,1.9517708
129,0.0015561814,0.001571622,0.001433652,0.011692626,6.2872231e-05,6.7084443e-05,6.287186e-05,1.8229978e-05,3,3,3,3,0.045475074,-0.00093808235,1.9508328
130,0.0015535291,0.001563232,0.0014211209,0.011731409,6.2559626e-05,6.6446847e-05,6.2177464e-05,1.8830809e-05,3,3,3,3,0.046996656,-0.00080854392,1.9500242
131,0.001550821,0.0015566799,0.0014086759,0.011743415,6.2390104e-05,6.5914521e-05,6.1530612e-05,1.8708643e-05,3,3,3,3,0.046713395,-0.00083877447,1.9491854
132,0.0015496745,0.0015508186,0.0013959229,0.011733916,6.2343261e-05,6.5477207e-05,6.0849222e-05,1.9916411e-05,3,3,3,3,0.049751107,-0.00037913413,1.9488063
133,0.0015488592,0.0015437363,0.0013822102,0.011733092,6.2339941e-05,6.5056946e-05,6.009455e-05,1.8041527e-05,3,3,3,3,0.045087393,-0.00065220627,1.9481541
134,0.0015481181,0.0015344242,0.0013674108,0.011756654,6.2272898e-05,6.4522664e-05,5.9238214e-05,1.8092385e-05,3,3,3,3,0.045228998,-0.0004408009,1.9477133
135,0.0015455354,0.0015232845,0.0013512542,0.011780837,6.2205851e-05,6.3866029e-05,5.834793e-05,1.8039437e-05,3,3,3,3,0.045108108,-0.00046892875,1.9472444
136,0.0015436863,0.0015098731,0.0013351172,0.011793038,6.2254474e-05,6.3143684e-05,5.7393857e-05,1.779675e-05,3,3,3,3,0.044507986,-0.00068693855,1.9465574
137,0.0015423718,0.0014941122,0.0013178238,0.011807152,6.2359989e-05,6.2317697e-05,5.6399983e-05,1.8259732e-05,3,3,3,3,0.045666984,-0.00061855386,1.9459389
138,0.00154284,0.0014791321,0.0012998819,0.01179876,6.2517794e-05,6.1467339e-05,5.5349915e-05,1.7815818e-05,3,3,3,3,0.044555708,-0.00079473194,1.9451442
139,0.0015435155,0.0014636692,0.0012812296,0.011789926,6.2651499e-05,6.0625831e-05,5.4331789e-05,1.9151816e-05,3,3,3,3,0.047894265,-0.0004261562,1.944718
140,0.0015441824,0.0014468843,0.0012621418,0.011769536,6.2903479e-05,5.9871942e-05,5.3358267e-05,1.6984015e-05,3,3,3,3,0.042469591,-0.00064573165,1.9440723
141,0.0015438333,0.0014307746,0.001243757,0.011714,6.3101335e-05,5.9159573e-05,5.2496445e-05,1.6393145e-05,3,3,3,3,0.040984965,-0.00075932979,1.9433129
142,0.0015434603,0.0014157368,0.0012248064,0.011647065,6.3403687e-05,5.8535335e-05,5.1630372e-05,1.6186278e-05,3,3,3,3,0.040459643,-0.0006945264,1.9426184
143,0.0015437415,0.0014020243,0.0012055638,0.011546152,6.3805783e-05,5.7942515e-05,5.0693809e-05,1.5777964e-05,3,3,3,3,0.039428505,-0.00068971596,1.9419287
144,0.0015447685,0.0013876979,0.0011857578,0.011485726,6.4190574e-05,5.739325e-05,4.9742672e-05,1.5330604e-05,3,3,3,3,0.03830105,-0.00070261772,1.9412261
145,0.001546004,0.0013727868,0.001164848,0.011430835,6.4537849e-05,5.6870584e-05,4.8826007e-05,1.5264282e-05,3,3,3,3,0.038125596,-0.000693851,1.9405322
146,0.0015468078,0.0013585634,0.0011428433,0.011339875,6.4785378e-05,5.6464569e-05,4.7875935e-05,1.5604978e-05,3,3,3,3,0.038965113,-0.00042005379,1.9401122
147,0.0015450001,0.0013488713,0.001119395,0.011214693,6.4864347e-05,5.6284843e-05,4.6913006e-05,1.5553222e-05,3,3,3,3,0.038825538,-0.00021904268,1.9398931
148,0.0015409171,0.0013410771,0.0010961436,0.011077192,6.4733384e-05,5.625899e-05,4.5967504e-05,1.5558426e-05,3,3,3,3,0.038830838,8.9445493e-05,1.9399826
149,0.0015326489,0.0013335636,0.0010735862,0.010931298,6.435431e-05,5.6245052e-05,4.50509e-05,1.5517942e-05,3,3,3,3,0.038722199,0.00039749003,1.9403801
150,0.0015195115,0.0013248983,0.0010535914,0.010772459,6.3720985e-05,5.6142465e-05,4.4197459e-05,1.9225827e-05,3,3,3,3,0.047964698,0.00034387628,1.9407239
151,0.001505192,0.001315716,0.0010354954,0.010603154,6.2945989e-05,5.5950497e-05,4.3421386e-05,1.8761553e-05,3,3,3,3,0.046794042,0.00043523844,1.9411592
152,0.0014897868,0.0013065235,0.0010183464,0.01044727,6.2120736e-05,5.5646139e-05,4.2711632e-05,1.6824585e-05,3,3,3,3,0.041953261,0.00046172039,1.9416209
153,0.0014734023,0.0012950364,0.0010026546,0.010276654,6.1240607e-05,5.5250296e-05,4.1994321e-05,1.5486191e-05,3,3,3,3,0.03860853,0.00078596478,1.9424069
154,0.0014571454,0.0012825946,0.00098807737,0.010112856,6.0265316e-05,5.4760528e-05,4.1315735e-05,1.6721118e-05,3,3,3,3,0.041681493,0.00055038359,1.9429572
155,0.0014413398,0.0012707495,0.00097384993,0.0099513461,5.9258977e-05,5.4262106e-05,4.071191e-05,1.6838752e-05,3,3,3,3,0.041968436,0.00054653736,1.9435038
156,0.0014243065,0.0012605547,0.0009610511,0.009801573,5.8286117e-05,5.3792896e-05,4.0155447e-05,1.6345528e-05,3,3,3,3,0.040734357,0.00059347098,1.9440973
157,0.0014066511,0.0012507163,0.00094896123,0.0096456503,5.7360261e-05,5.3300852e-05,3.9600632e-05,1.7595292e-05,3,3,3,3,0.043845123,0.00029379278,1.944391
158,0.001390079,0.0012428532,0.00093723391,0.0095099,5.6585507e-05,5.2833964e-05,3.9047806e-05,1.766406e-05,3,3,3,3,0.0440103,0.0002605699,1.9446516
159,0.0013744667,0.0012374724,0.00092506647,0.0093661798,5.5873958e-05,5.2390973e-05,3.8498092e-05,1.6282248e-05,3,3,3,3,0.040563433,0.00024475755,1.9448964
160,0.0013591481,0.0012336091,0.00091324404,0.0092148958,5.5170677e-05,5.202404e-05,3.7923799e-05,1.4694338e-05,3,3,3,3,0.036604139,0.00023077486,1.9451271
161,0.0013453546,0.0012307438,0.00090176273,0.0090772147,5.4459936e-05,5.1681945e-05,3.7355732e-05,1.5675773e-05,3,3,3,3,0.03904487,0.00054323762,1.9456704
162,0.0013326202,0.0012289807,0.0008905254,0.0089415404,5.3772116e-05,5.1358225e-05,3.6798575e-05,1.4715404e-05,3,3,3,3,0.036650982,0.00028510917,1.9459555
163,0.0013200775,0.0012286849,0.00087951592,0.0088187005,5.3181411e-05,5.103761e-05,3.6250386e-05,1.511474e-05,3,3,3,3,0.037639817,0.00024660304,1.9462021
164,0.0013098989,0.0012275387,0.00086876109,0.0087137988,5.2683904e-05,5.0734291e-05,3.5724036e-05,1.4955634e-05,3,3,3,3,0.037236154,0.00019376124,1.9463959
165,0.0013019279,0.0012247861,0.00085831662,0.0086249712,5.2349254e-05,5.0405344e-05,3.5169543e-05,1.4353431e-05,3,3,3,3,0.03572888,0.00017694281,1.9465728
166,0.0012955843,0.0012211066,0.00084921815,0.0085443468,5.2147806e-05,5.0031346e-05,3.4620401e-05,1.364843e-05,3,3,3,3,0.033966014,0.0002422591,1.9468151
167,0.0012895253,0.0012165717,0.0008408567,0.0084688378,5.1958896e-05,4.9680847e-05,3.4106573e-05,1.3192801e-05,3,3,3,3,0.032823107,0.00015947954,1.9469745
168,0.0012835119,0.0012116275,0.00083249785,0.0083991538,5.1776664e-05,4.9324441e-05,3.3620008e-05,1.3452087e-05,3,3,3,3,0.033457043,0.00045364256,1.9474282
169,0.0012760627,0.001206615,0.00082435785,0.0083341102,5.1504989e-05,4.8919731e-05,3.3160751e-05,1.2785497e-05,3,3,3,3,0.031788207,0.00024301242,1.9476712
170,0.0012694146,0.0012020484,0.0008162824,0.0082756221,5.1173293e-05,4.8442792e-05,3.2709717e-05,1.3177734e-05,3,3,3,3,0.032749333,0.00017212779,1.9478433
171,0.0012636379,0.0011968217,0.00080827852,0.0082080279,5.0753002e-05,4.7936864e-05,3.2279272e-05,1.2383481e-05,3,3,3,3,0.03076256,0.00014862779,1.947992
172,0.0012578629,0.0011908699,0.00080054482,0.0081248835,5.0282307e-05,4.7357708e-05,3.1891164e-05,1.2217255e-05,3,3,3,3,0.030335506,0.00043167719,1.9484236
173,0.0012499415,0.0011830657,0.00079375694,0.0080368032,4.9748306e-05,4.6703599e-05,3.151674e-05,1.3185976e-05,3,3,3,3,0.032725889,0.00014332741,1.948567
174,0.0012404766,0.001173251,0.00078667656,0.0079333382,4.9124578e-05,4.599648e-05,3.1127426e-05,1.3134861e-05,3,3,3,3,0.032583468,0.00012009955,1.9486871
175,0.0012290447,0.0011608155,0.00077945401,0.0078097237,4.8391452e-05,4.5192801e-05,3.0771904e-05,1.2048393e-05,3,3,3,3,0.029873155,8.7288354e-05,1.9487743
176,0.0012153766,0.0011457158,0.00077192732,0.007691107,4.7575455e-05,4.4283512e-05,3.0410685e-05,1.0671736e-05,3,3,3,3,0.026446764,4.5244065e-05,1.9488196
177,0.0011981482,0.0011280729,0.00076378888,0.0075620376,4.6674902e-05,4.3368303e-05,3.0095858e-05,1.0489871e-05,3,3,3,3,0.025983716,0.00015271476,1.9489723
178,0.0011792957,0.001107566,0.00075556057,0.0074346102,4.5704312e-05,4.2486481e-05,2.9737324e-05,9.7423436e-06,3,3,3,3,0.024121487,-2.8093788e-05,1.9489442
179,0.0011590725,0.0010851761,0.00074659924,0.0073123874,4.4671798e-05,4.1599904e-05,2.9342334e-05,9.371782e-06,3,3,3,3,0.023193759,-5.7480062e-05,1.9488867
180,0.0011359003,0.0010621729,0.00073721007,0.0071785108,4.3578385e-05,4.0809522e-05,2.8899241e-05,8.7985387e-06,3,3,3,3,0.021766284,5.1087309e-05,1.9489378
181,0.0011123644,0.0010398548,0.00072793711,0.0070262705,4.2389693e-05,4.017911e-05,2.8465536e-05,8.9226941e-06,3,3,3,3,0.022066206,-0.00010461954,1.9488332
182,0.0010891992,0.001019164,0.00071786894,0.006858812,4.1231949e-05,3.9579501e-05,2.80171e-05,8.030728e-06,3,3,3,3,0.019854145,-2.3523301e-05,1.9488097
183,0.0010648616,0.0010002283,0.00070650477,0.0066812989,4.0118222e-05,3.8978033e-05,2.7567118e-05,7.7410621e-06,3,3,3,3,0.019133079,-5.6251779e-05,1.9487534
184,0.0010400906,0.00098233093,0.0006951464,0.0064996586,3.9036424e-05,3.8324021e-05,2.7149401e-05,7.3474217e-06,3,3,3,3,0.018155809,7.3416454e-05,1.9488268
185,0.001015338,0.00096357052,0.00068315194,0.0063108336,3.7999124e-05,3.7644964e-05,2.6753733e-05,7.9687101e-06,3,3,3,3,0.019686667,-0.00015831707,1.9486685
186,0.00099120566,0.00094410053,0.00067109308,0.0061163183,3.7035548e-05,3.6935896e-05,2.6358859e-05,6.8160882e-06,3,3,3,3,0.016835379,-6.2806267e-06,1.9486622
187,0.00096744783,0.00092377321,0.00065947195,0.0059219382,3.6165447e-05,3.6168468e-05,2.5959537e-05,6.5820331e-06,3,3,3,3,0.016254614,-7.9248543e-05,1.948583
188,0.00094589867,0.00090269707,0.00064820191,0.0057326692,3.5361101e-05,3.5367288e-05,2.5534475e-05,6.5726505e-06,3,3,3,3,0.016229155,-0.0002776333,1.9483054
189,0.00092457319,0.00088151663,0.0006365198,0.0055577997,3.4655173e-05,3.4571135e-05,2.5105156e-05,6.3192326e-06,3,3,3,3,0.015601486,-0.00045689143,1.9478485
190,0.00090382113,0.0008606353,0.00062484148,0.0053962278,3.3997798e-05,3.3792345e-05,2.4680684e-05,7.5391766e-06,3,3,3,3,0.018611266,-0.00036729532,1.9474812
191,0.00088347298,0.00083990655,0.00061290328,0.0052462488,3.3360123e-05,3.3017378e-05,2.4214482e-05,7.2970714e-06,3,3,3,3,0.018011951,-0.00038576876,1.9470954
192,0.00086438098,0.000820155,0.00060095532,0.005105456,3.2735927e-05,3.225281e-05,2.3734728e-05,6.1781157e-06,3,3,3,3,0.015248715,-0.00038382919,1.9467116
193,0.00084568982,0.00080165738,0.00058883795,0.0049752624,3.2120839e-05,3.1492848e-05,2.3248219e-05,6.0843614e-06,3,3,3,3,0.015016184,-0.00048912362,1.9462225
194,0.00082828068,0.00078405586,0.00057671867,0.0048505011,3.1519418e-05,3.075651e-05,2.2754314e-05,6.0052549e-06,3,3,3,3,0.014819626,-0.0004627112,1.9457597
195,0.00081219228,0.00076730919,0.00056493153,0.0047327867,3.0921877e-05,3.0044165e-05,2.2255082e-05,5.7634797e-06,3,3,3,3,0.014221784,-0.00048705682,1.9452727
196,0.00079763728,0.00075141743,0.00055342574,0.00461558,3.0341927e-05,2.9356871e-05,2.1778573e-05,6.0072183e-06,3,3,3,3,0.01482207,-0.00034048778,1.9449322
197,0.0007832452,0.00073603251,0.00054257527,0.0045036836,2.9779151e-05,2.8703649e-05,2.1328857e-05,6.025504e-06,3,3,3,3,0.014866283,-0.00031134309,1.9446209
198,0.00076903565,0.00072137938,0.00053244335,0.0043996635,2.9233489e-05,2.8093048e-05,2.0919456e-05,5.7330886e-06,3,3,3,3,0.014143969,-0.00029590171,1.944325
199,0.00075499917,0.00070693226,0.00052266535,0.0043036342,2.8711926e-05,2.7522729e-05,2.0539837e-05,5.234729e-06,3,3,3,3,0.012913661,-0.00044072756,1.9438842
200,0.00074140267,0.00069313844,0.0005129961,0.0042143452,2.8229469e-05,2.6999805e-05,2.0184496e-05,5.4950451e-06,3,3,3,3,0.013554845,-0.00026157775,1.9436226
201,0.00072839069,0.00067994793,0.00050365919,0.0041311033,2.7769003e-05,2.6513718e-05,1.9846198e-05,5.2135103e-06,3,3,3,3,0.012859787,-0.00025849703,1.9433641
202,0.00071572491,0.00066726898,0.00049480125,0.0040540925,2.7331631e-05,2.606255e-05,1.9522133e-05,5.0161562e-06,3,3,3,3,0.012372543,-0.00039008922,1.9429741
203,0.00070345114,0.0006554147,0.00048615923,0.0039822037,2.691802e-05,2.5646121e-05,1.9201308e-05,5.0471062e-06,3,3,3,3,0.012448404,-0.00021676703,1.9427573
204,0.00069162168,0.00064434844,0.00047808346,0.0039157377,2.6511014e-05,2.5261839e-05,1.8903524e-05,4.936179e-06,3,3,3,3,0.012174654,-0.000182125,1.9425752
205,0.00068031158,0.00063411428,0.00047050976,0.0038548307,2.610742e-05,2.4915586e-05,1.8612179e-05,4.7056168e-06,3,3,3,3,0.011605902,-0.00028252417,1.9422926
206,0.00066962143,0.00062455491,0.00046322849,0.003796362,2.5713674e-05,2.4635195e-05,1.8328377e-05,4.8919663e-06,3,3,3,3,0.012065331,-0.00012959149,1.9421631
207,0.00065910222,0.0006156561,0.00045618271,0.0037398673,2.5331596e-05,2.4379303e-05,1.8058875e-05,4.5574285e-06,3,3,3,3,0.011240371,-0.00024984491,1.9419132
208,0.00064884948,0.00060750454,0.0004495486,0.0036847296,2.495334e-05,2.4154971e-05,1.7806596e-05,4.9691592e-06,3,3,3,3,0.012255955,-8.7923735e-05,1.9418253
209,0.00063869103,0.00059985077,0.00044334925,0.0036296185,2.4596057e-05,2.393591e-05,1.7565843e-05,4.5301608e-06,3,3,3,3,0.011173617,-6.8643117e-05,1.9417566
210,0.00062897688,0.00059258555,0.00043746329,0.0035747862,2.4246509e-05,2.3718673e-05,1.7343747e-05,4.1561899e-06,3,3,3,3,0.010251634,-9.7831383e-05,1.9416588
211,0.00061922758,0.00058566003,0.00043168145,0.003518504,2.3893839e-05,2.3528309e-05,1.7123527e-05,4.0132632e-06,3,3,3,3,0.0098994459,-5.4642535e-05,1.9416042
212,0.00060944141,0.00057882353,0.00042615911,0.0034623864,2.3547423e-05,2.3354008e-05,1.69215e-05,3.7221108e-06,3,3,3,3,0.0091816515,-8.6069227e-05,1.9415181
213,0.00059955553,0.00057199063,0.00042075605,0.0034092574,2.3207725e-05,2.3181825e-05,1.6727573e-05,3.926766e-06,3,3,3,3,0.0096869545,-2.5277769e-05,1.9414928
214,0.00058976883,0.00056520483,0.00041556691,0.0033593492,2.2886988e-05,2.301719e-05,1.6547222e-05,4.1226472e-06,3,3,3,3,0.010170718,5.1649946e-05,1.9415445
215,0.00057992597,0.00055857388,0.00041069589,0.0033102859,2.2573491e-05,2.2852171e-05,1.6370051e-05,3.4645107e-06,3,3,3,3,0.0085476124,-5.7539959e-06,1.9415387
216,0.00057003301,0.00055216867,0.00040577675,0.0032622976,2.2263622e-05,2.2693998e-05,1.6195599e-05,3.4102329e-06,3,3,3,3,0.0084141443,4.927384e-05,1.941588
217,0.00056039658,0.00054580387,0.00040085735,0.0032150514,2.1946691e-05,2.2533121e-05,1.6030101e-05,3.3735712e-06,3,3,3,3,0.0083241398,0.00010715095,1.9416951
218,0.00055086005,0.0005393444,0.000395815,0.0031694972,2.1617779e-05,2.2367708e-05,1.5870753e-05,3.4407947e-06,3,3,3,3,0.0084904686,0.00012714986,1.9418223
219,0.00054138513,0.00053270039,0.00039089397,0.0031251933,2.1277378e-05,2.2187497e-05,1.571539e-05,3.4149939e-06,3,3,3,3,0.0084272658,0.00017914189,1.9420014
220,0.00053193299,0.00052609095,0.00038595561,0.00308116,2.092931e-05,2.1994491e-05,1.5564022e-05,3.3759227e-06,3,3,3,3,0.0083312985,0.00024030898,1.9422417
221,0.00052237029,0.00051946079,0.000381027,0.0030378919,2.0584192e-05,2.1774158e-05,1.5417848e-05,3.372724e-06,3,3,3,3,0.0083238563,0.00029490646,1.9425366
222,0.00051260559,0.00051263565,0.00037613251,0.0029961086,2.0230264e-05,2.1526805e-05,1.5269823e-05,4.4204598e-06,3,3,3,3,0.010910252,0.00016588058,1.9427025
223,0.00050290477,0.0005057116,0.00037112255,0.002955114,1.9866736e-05,2.1262501e-05,1.5108377e-05,4.1549969e-06,3,3,3,3,0.01025545,0.00016216618,1.9428647
224,0.00049323442,0.00049864156,0.0003663068,0.0029156881,1.9483822e-05,2.0979709e-05,1.4947641e-05,3.2306933e-06,3,3,3,3,0.0079744071,0.0002697897,1.9431345
225,0.00048347085,0.00049136594,0.00036160179,0.0028747613,1.9083592e-05,2.0668778e-05,1.4785531e-05,3.2479199e-06,3,3,3,3,0.0080174236,0.00025024647,1.9433847
226,0.00047375056,0.00048402088,0.00035666364,0.0028338619,1.8670834e-05,2.0338348e-05,1.4605541e-05,3.1920832e-06,3,3,3,3,0.0078801074,0.00026406813,1.9436488
227,0.00046409372,0.00047644293,0.00035166861,0.0027915734,1.8240902e-05,1.9994603e-05,1.4412556e-05,3.5755686e-06,3,3,3,3,0.0088273903,0.00015501628,1.9438038
228,0.00045441362,0.00046886114,0.00034669262,0.0027490653,1.7814103e-05,1.9643665e-05,1.4209791e-05,3.4235536e-06,3,3,3,3,0.0084525762,0.00013935515,1.9439432
229,0.00044467175,0.00046120315,0.00034147788,0.0027060425,1.7385798e-05,1.9287673e-05,1.4000749e-05,3.0633464e-06,3,3,3,3,0.0075637246,0.00022680706,1.94417
230,0.00043498974,0.00045339929,0.0003361673,0.0026620346,1.695516e-05,1.8931194e-05,1.3784794e-05,3.0889227e-06,3,3,3,3,0.007627476,0.00023076867,1.9444007
231,0.00042545493,0.0004456223,0.00033088063,0.0026173838,1.653102e-05,1.8576338e-05,1.356854e-05,3.5376302e-06,3,3,3,3,0.008736184,0.00011667402,1.9445174
232,0.00041619494,0.00043817051,0.00032553917,0.0025721988,1.6120725e-05,1.8213491e-05,1.3347843e-05,3.3173719e-06,3,3,3,3,0.008192797,0.00010017366,1.9446176
233,0.00040713818,0.00043101875,0.000320097,0.0025278679,1.5723907e-05,1.7842316e-05,1.3124527e-05,2.9278639e-06,3,3,3,3,0.0072313411,0.00018438032,1.944802
234,0.00039815007,0.00042390146,0.00031464096,0.0024845222,1.5332287e-05,1.7470982e-05,1.2894442e-05,2.8660597e-06,3,3,3,3,0.0070792393,0.00017643781,1.9449784
235,0.0003894541,0.0004168806,0.00030918564,0.0024426706,1.4950401e-05,1.7098359e-05,1.2660374e-05,2.8505847e-06,3,3,3,3,0.0070415681,0.00017597727,1.9451544
236,0.00038098827,0.0004098657,0.00030370067,0.0024011206,1.4581261e-05,1.6728863e-05,1.2421703e-05,3.3502008e-06,3,3,3,3,0.0082763621,7.1320534e-05,1.9452257
237,0.00037277134,0.00040286058,0.00029809785,0.0023604351,1.4223767e-05,1.637167e-05,1.2176872e-05,3.0178583e-06,3,3,3,3,0.0074558039,6.5048833e-05,1.9452908
238,0.00036460953,0.00039584503,0.00029252413,0.0023195777,1.3873062e-05,1.6026619e-05,1.1927676e-05,2.4856311e-06,3,3,3,3,0.0061412864,0.00014907293,1.9454398
239,0.00035651178,0.00038878955,0.00028690567,0.0022790352,1.3534271e-05,1.5685656e-05,1.1676258e-05,2.4501161e-06,3,3,3,3,0.0060539621,0.0001109838,1.9455508
240,0.00034871913,0.0003817375,0.00028115298,0.0022394866,1.3204907e-05,1.5351995e-05,1.1423606e-05,2.4038487e-06,3,3,3,3,0.0059400382,7.9612576e-05,1.9456304
241,0.00034108685,0.00037474192,0.00027533025,0.0022010203,1.2884767e-05,1.5034822e-05,1.1170496e-05,2.3922673e-06,3,3,3,3,0.0059118048,5.1874914e-05,1.9456823
242,0.00033354362,0.0003677514,0.00026947407,0.0021624025,1.2569144e-05,1.4722217e-05,1.0917494e-05,2.3769308e-06,3,3,3,3,0.0058742744,1.0535779e-05,1.9456928
243,0.0003259665,0.00036088941,0.00026367082,0.0021245049,1.2256832e-05,1.4423335e-05,1.0664673e-05,2.3575656e-06,3,3,3,3,0.00582678,-6.2709034e-05,1.9456301
244,0.00031828569,0.00035416298,0.00025785557,0.0020869985,1.1946771e-05,1.4141114e-05,1.041397e-05,2.444309e-06,3,3,3,3,0.0060415386,-0.00010559769,1.9455245
245,0.00031070483,0.00034762009,0.00025206955,0.0020494241,1.1642651e-05,1.3859942e-05,1.0162951e-05,2.5015451e-06,3,3,3,3,0.0061833819,-0.00015248403,1.945372
246,0.00030318029,0.00034108737,0.0002463468,0.0020130031,1.1347842e-05,1.3577781e-05,9.9107036e-06,2.5595436e-06,3,3,3,3,0.0063271422,-0.00018980158,1.9451822
247,0.00029571988,0.00033455282,0.00024062736,0.0019777196,1.1062425e-05,1.3305278e-05,9.6599663e-06,2.7112994e-06,3,3,3,3,0.0067027022,-0.00012961144,1.9450526
248,0.00028826857,0.00032795853,0.0002349375,0.0019425547,1.0778685e-05,1.3041167e-05,9.4211052e-06,2.4328377e-06,3,3,3,3,0.0060147385,-0.00019146511,1.9448612
249,0.00028099492,0.00032156652,0.00022931825,0.001908373,1.0507944e-05,1.2795628e-05,9.1916261e-06,2.3881093e-06,3,3,3,3,0.0059045134,-0.00019317852,1.944668
250,0.00027383228,0.00031522053,0.00022380555,0.0018747489,1.024584e-05,1.2552004e-05,8.9673376e-06,2.7363515e-06,3,3,3,3,0.0067659534,-0.0001337388,1.9445343
251,0.0002668819,0.00030870005,0.00021841516,0.0018418791,9.9959113e-06,1.2309148e-05,8.7517689e-06,2.3826331e-06,3,3,3,3,0.0058917781,-0.00018570818,1.9443485
252,0.00026017909,0.00030229515,0.00021327868,0.0018086256,9.7662562e-06,1.2082001e-05,8.5527504e-06,2.399217e-06,3,3,3,3,0.0059331745,-0.00018165094,1.9441669
253,0.00025368924,0.00029587647,0.00020825853,0.001775989,9.5528512e-06,1.1865908e-05,8.3640899e-06,2.4402044e-06,3,3,3,3,0.0060349243,-0.00018434409,1.9439825
254,0.00024747316,0.00028943606,0.00020340136,0.0017444777,9.3534614e-06,1.1650154e-05,8.1891141e-06,2.4486885e-06,3,3,3,3,0.0060562999,-0.00019411365,1.9437884
255,0.00024155678,0.00028318204,0.00019880729,0.0017143926,9.1684699e-06,1.1431194e-05,8.0260344e-06,2.5235895e-06,3,3,3,3,0.0062419495,-0.00011078115,1.9436777
256,0.00023583804,0.00027699732,0.00019443762,0.0016847695,8.9911455e-06,1.1206064e-05,7.872575e-06,2.232602e-06,3,3,3,3,0.0055225868,-0.00017868998,1.943499
257,0.00023051677,0.00027098682,0.00019033284,0.0016555783,8.8248562e-06,1.0987581e-05,7.7302923e-06,2.1690766e-06,3,3,3,3,0.0053657621,-0.00016592167,1.943333
258,0.00022557762,0.00026497129,0.00018646226,0.0016271828,8.6751312e-06,1.0769555e-05,7.5971564e-06,2.1472682e-06,3,3,3,3,0.0053121199,-0.00015543458,1.9431776
259,0.00022093738,0.00025899912,0.0001827806,0.0015995676,8.5359963e-06,1.0555484e-05,7.4737477e-06,2.1210394e-06,3,3,3,3,0.005247525,-0.00014484875,1.9430328
260,0.00021656418,0.00025311697,0.00017934856,0.0015725073,8.4086364e-06,1.0341323e-05,7.3587453e-06,2.090845e-06,3,3,3,3,0.0051730968,-0.00013093419,1.9429018
261,0.0002123833,0.00024740664,0.0001761029,0.0015457972,8.2896308e-06,1.0126877e-05,7.253254e-06,2.0562017e-06,3,3,3,3,0.0050876374,-0.00011239466,1.9427894
262,0.00020845866,0.00024198223,0.00017300512,0.0015188321,8.1709526e-06,9.9186277e-06,7.1550372e-06,2.0192456e-06,3,3,3,3,0.0049964273,-8.7578808e-05,1.9427019
263,0.00020474689,0.00023675942,0.00017006385,0.0014921549,8.0556436e-06,9.7220857e-06,7.0652521e-06,1.9843323e-06,3,3,3,3,0.0049102483,-5.2597282e-05,1.9426493
264,0.00020128171,0.00023168414,0.00016726303,0.0014661789,7.9462142e-06,9.5401306e-06,6.9804781e-06,1.9538407e-06,3,3,3,3,0.0048349855,-7.1417102e-06,1.9426421
265,0.00019793705,0.00022677509,0.00016459903,0.0014406826,7.840913e-06,9.3687131e-06,6.8986798e-06,2.305583e-06,3,3,3,3,0.0057056095,-2.6157621e-05,1.942616
266,0.00019474166,0.00022214022,0.00016206602,0.0014166561,7.7403853e-06,9.2092871e-06,6.8182785e-06,2.2077998e-06,3,3,3,3,0.005463755,-2.0986193e-05,1.942595
267,0.00019163057,0.00021768885,0.00015966659,0.0013938121,7.6418069e-06,9.0563475e-06,6.7403396e-06,1.8864941e-06,3,3,3,3,0.0046686927,2.2053998e-05,1.942617
268,0.00018856966,0.00021329987,0.00015730924,0.001371265,7.5415463e-06,8.9007632e-06,6.6637299e-06,1.8162781e-06,3,3,3,3,0.0044950192,2.0410175e-05,1.9426374
269,0.00018566567,0.00020915348,0.00015510486,0.0013500205,7.4474656e-06,8.7517759e-06,6.5916856e-06,2.0835427e-06,3,3,3,3,0.005156554,-2.4493114e-05,1.9426129
270,0.00018287973,0.00020526783,0.00015296573,0.0013298736,7.3608605e-06,8.6124908e-06,6.5209277e-06,1.7758435e-06,3,3,3,3,0.0043950735,2.3020686e-05,1.942636
271,0.00018013804,0.00020150795,0.00015091429,0.0013099971,7.2771575e-06,8.4749948e-06,6.4533986e-06,2.0187445e-06,3,3,3,3,0.0049962977,-2.0546181e-05,1.9426154
272,0.00017754874,0.0001980185,0.00014895073,0.0012907793,7.1988847e-06,8.3455277e-06,6.3905699e-06,1.7024418e-06,3,3,3,3,0.0042134837,2.7546697e-05,1.942643
273,0.00017498266,0.00019460715,0.00014705975,0.0012714024,7.1217053e-06,8.2186717e-06,6.3306895e-06,1.9375143e-06,3,3,3,3,0.0047953222,-1.5662398e-05,1.9426273
274,0.00017253024,0.00019147244,0.00014526406,0.0012528709,7.0488932e-06,8.1013045e-06,6.2762672e-06,1.8291268e-06,3,3,3,3,0.00452707,-1.7414644e-05,1.9426099
275,0.00017018875,0.00018849154,0.00014355423,0.0012346491,6.9782127e-06,7.9887051e-06,6.2249724e-06,1.6119676e-06,3,3,3,3,0.003989605,8.6028842e-06,1.9426185
276,0.00016790797,0.00018561793,0.00014192884,0.0012163097,6.9082444e-06,7.8765401e-06,6.1734131e-06,1.590622e-06,3,3,3,3,0.0039367896,1.7134842e-05,1.9426356
277,0.00016569598,0.00018288663,0.00014037037,0.0011982512,6.8396542e-06,7.7712472e-06,6.1237743e-06,1.8703004e-06,3,3,3,3,0.0046289981,-1.7131523e-05,1.9426185
278,0.00016358765,0.00018030405,0.00013881265,0.0011804842,6.7732964e-06,7.6730777e-06,6.0718418e-06,1.7817424e-06,3,3,3,3,0.0044097865,-1.5651914e-05,1.9426028
279,0.0001615312,0.0001778473,0.00013736484,0.0011628492,6.7039463e-06,7.5787771e-06,6.0218212e-06,1.4763631e-06,3,3,3,3,0.0036539499,2.5070006e-05,1.9426279
280,0.000159477,0.00017543111,0.00013591977,0.0011447766,6.6311279e-06,7.4823813e-06,5.9687425e-06,1.4537061e-06,3,3,3,3,0.0035978662,3.5559208e-05,1.9426635
281,0.00015750364,0.00017312412,0.00013452687,0.0011267531,6.5565425e-06,7.3899405e-06,5.9147464e-06,1.6552199e-06,3,3,3,3,0.0040965932,-9.3909687e-06,1.9426541
282,0.00015558868,0.00017094392,0.00013317407,0.0011087607,6.4843893e-06,7.3022771e-06,5.8596443e-06,1.5612968e-06,3,3,3,3,0.0038641021,-1.1059119e-05,1.942643
283,0.00015368306,0.00016883691,0.00013184091,0.0010904375,6.4129568e-06,7.2148443e-06,5.8041592e-06,1.3353755e-06,3,3,3,3,0.0033049325,5.8304902e-06,1.9426488
284,0.0001517902,0.00016673982,0.00013049617,0.0010716766,6.3387224e-06,7.1249048e-06,5.7473133e-06,1.3115388e-06,3,3,3,3,0.0032459219,3.8675535e-06,1.9426527
285,0.00014994851,0.00016466917,0.00012915109,0.0010534544,6.2656254e-06,7.0351843e-06,5.6890995e-06,1.3066219e-06,3,3,3,3,0.0032337358,1.3282807e-05,1.942666
286,0.00014814354,0.00016260357,0.00012779356,0.0010355039,6.1929958e-06,6.9465795e-06,5.6291723e-06,1.503007e-06,3,3,3,3,0.003719745,-9.0229936e-06,1.942657
287,0.00014639427,0.00016063352,0.00012646583,0.0010181748,6.1212958e-06,6.8640315e-06,5.5697302e-06,1.3874296e-06,3,3,3,3,0.0034336706,-7.1061541e-06,1.9426499
288,0.00014462285,0.00015864585,0.0001251383,0.0010008689,6.0478027e-06,6.782333e-06,5.5110559e-06,1.1942299e-06,3,3,3,3,0.0029555015,3.2408432e-06,1.9426531
289,0.00014282237,0.00015655702,0.00012373624,0.00098314871,5.9733367e-06,6.6963866e-06,5.4483512e-06,1.159437e-06,3,3,3,3,0.0028693749,-3.5998267e-06,1.9426495
290,0.00014102443,0.00015450237,0.00012236311,0.00096592658,5.9006663e-06,6.6137506e-06,5.3896217e-06,1.1380248e-06,3,3,3,3,0.0028163632,-5.3316354e-06,1.9426442
291,0.0001392272,0.00015240876,0.00012094608,0.00094869863,5.8286098e-06,6.5313337e-06,5.3313128e-06,1.1418883e-06,3,3,3,3,0.0028259035,-2.3456142e-06,1.9426418
292,0.00013742779,0.00015028085,0.00011947452,0.00093146946,5.7578454e-06,6.44989e-06,5.2714949e-06,1.1278041e-06,3,3,3,3,0.0027910279,4.4177708e-06,1.9426462
293,0.00013561324,0.00014815424,0.00011798588,0.00091456621,5.6871323e-06,6.3719685e-06,5.212085e-06,1.0990514e-06,3,3,3,3,0.0027198521,1.3300387e-05,1.9426595
294,0.00013376252,0.00014601743,0.00011649594,0.00089824876,5.6158289e-06,6.2967229e-06,5.1532502e-06,1.0708373e-06,3,3,3,3,0.0026500113,2.2393625e-05,1.9426819
295,0.00013189257,0.00014389257,0.00011498659,0.00088212597,5.5444479e-06,6.2228812e-06,5.0944689e-06,1.2056473e-06,3,3,3,3,0.0029836085,-1.1526936e-06,1.9426808
296,0.00013005889,0.00014185871,0.00011348182,0.00086672284,5.4758874e-06,6.1530059e-06,5.0368162e-06,1.0007337e-06,3,3,3,3,0.0024764886,9.7753573e-06,1.9426906
297,0.00012819598,0.00013980833,0.00011192915,0.00085137712,5.405934e-06,6.0810328e-06,4.9766326e-06,9.7759637e-07,3,3,3,3,0.0024192197,-5.6505497e-06,1.9426849
298,0.00012636748,0.00013783658,0.00011038312,0.00083622454,5.3375844e-06,6.01174e-06,4.9169635e-06,9.7974281e-07,3,3,3,3,0.002424525,-2.1350934e-05,1.9426636
299,0.00012456517,0.00013596302,0.00010883688,0.00082151909,5.2701263e-06,5.9452312e-06,4.856293e-06,9.7970883e-07,3,3,3,3,0.0024244403,-3.6416557e-05,1.9426271
300,0.00012285472,0.00013417364,0.000107323,0.00080743463,5.2051829e-06,5.881835e-06,4.7961255e-06,1.0196918e-06,3,3,3,3,0.0025233869,-2.387977e-05,1.9426033
301,0.00012119736,0.00013240599,0.00010579896,0.0007938676,5.1438358e-06,5.8169865e-06,4.7337478e-06,9.3272347e-07,3,3,3,3,0.0023081808,-4.4740454e-05,1.9425585
302,0.00011965478,0.00013075763,0.000104319,0.00078125732,5.0884577e-06,5.7563e-06,4.6729902e-06,9.1017365e-07,3,3,3,3,0.0022523849,-4.3998776e-05,1.9425145
303,0.0001182041,0.0001292013,0.00010288393,0.00076962824,5.0360967e-06,5.6970177e-06,4.6130832e-06,8.9503301e-07,3,3,3,3,0.0022149269,-4.3066609e-05,1.9424715
304,0.00011684246,0.00012771247,0.00010151168,0.00075872808,4.9844474e-06,5.6394762e-06,4.5548617e-06,9.8295843e-07,3,3,3,3,0.0024325288,-2.0769437e-05,1.9424507
305,0.00011557672,0.00012626748,0.00010023302,0.0007486656,4.9336388e-06,5.581553e-06,4.5003144e-06,8.8189257e-07,3,3,3,3,0.0021824406,-3.4150304e-05,1.9424165
306,0.00011435998,0.00012486838,9.8970268e-05,0.00073976599,4.8839955e-06,5.5235749e-06,4.4462936e-06,8.8798146e-07,3,3,3,3,0.0021975259,-2.7951554e-05,1.9423886
307,0.00011319986,0.00012349625,9.7755169e-05,0.00073209842,4.8361427e-06,5.4656663e-06,4.3932283e-06,8.9064557e-07,3,3,3,3,0.0022041382,-2.2669826e-05,1.9423659
308,0.00011206605,0.00012213929,9.6586093e-05,0.00072544782,4.7881273e-06,5.4071209e-06,4.34085e-06,8.8545366e-07,3,3,3,3,0.0021913118,-1.9227949e-05,1.9423467
309,0.00011097963,0.00012078167,9.5479796e-05,0.00071980546,4.7404587e-06,5.3475104e-06,4.2896926e-06,8.7469304e-07,3,3,3,3,0.0021647063,-1.7630932e-05,1.9423291
310,0.00010992853,0.00011942477,9.442623e-05,0.00071487935,4.6931911e-06,5.2866299e-06,4.2400864e-06,8.6599818e-07,3,3,3,3,0.0021432143,-1.7694634e-05,1.9423114
311,0.00010889588,0.0001180635,9.3406498e-05,0.0007105947,4.6470831e-06,5.2239844e-06,4.1920535e-06,8.8053889e-07,3,3,3,3,0.0021792294,-2.1190393e-05,1.9422902
312,0.00010786854,0.00011668434,9.2417239e-05,0.0007066929,4.6021196e-06,5.1603711e-06,4.1449172e-06,8.6548153e-07,3,3,3,3,0.0021419944,-2.6376754e-05,1.9422638
313,0.00010685968,0.0001153047,9.1453299e-05,0.00070315885,4.5579045e-06,5.0960578e-06,4.0988082e-06,8.6590964e-07,3,3,3,3,0.0021430858,-3.2054759e-05,1.9422317
314,0.00010586397,0.00011393277,9.052553e-05,0.00070010231,4.5132656e-06,5.031173e-06,4.0539359e-06,8.628525e-07,3,3,3,3,0.0021355533,-3.7066424e-05,1.9421947
315,0.00010488285,0.00011255552,8.9625791e-05,0.00069704172,4.467969e-06,4.9646164e-06,4.010174e-06,8.7433407e-07,3,3,3,3,0.0021640057,-4.2642575e-05,1.942152
316,0.00010391748,0.00011116554,8.8741481e-05,0.00069406878,4.4222624e-06,4.8967131e-06,3.9669168e-06,8.7260657e-07,3,3,3,3,0.0021597675,-4.7753987e-05,1.9421043
317,0.00010294539,0.00010977029,8.7870021e-05,0.00069099232,4.3767768e-06,4.8281863e-06,3.9246982e-06,9.1459854e-07,3,3,3,3,0.002263742,-2.95287e-05,1.9420748
318,0.00010198646,0.00010834868,8.7013037e-05,0.00068791558,4.330673e-06,4.7583187e-06,3.8830237e-06,8.5621178e-07,3,3,3,3,0.0021192725,-3.959581e-05,1.9420352
319,0.00010102905,0.0001069488,8.615402e-05,0.00068480567,4.2849206e-06,4.6900262e-06,3.8414803e-06,8.6282634e-07,3,3,3,3,0.0021356854,-2.9313576e-05,1.9420058
320,0.00010006938,0.00010555897,8.5298818e-05,0.00068120757,4.2389008e-06,4.6221162e-06,3.8001748e-06,8.3688903e-07,3,3,3,3,0.0020715253,-1.9628903e-05,1.9419862
321,9.910214e-05,0.00010417606,8.4430623e-05,0.00067741135,4.1913724e-06,4.5547383e-06,3.7578271e-06,8.3112338e-07,3,3,3,3,0.0020572951,-8.090203e-06,1.9419781
322,9.8127314e-05,0.0001028088,8.3550382e-05,0.00067339623,4.1425981e-06,4.4882368e-06,3.714617e-06,8.4412192e-07,3,3,3,3,0.0020895126,4.0447799e-06,1.9419822
323,9.7139255e-05,0.00010145314,8.2669539e-05,0.00066897397,4.0930539e-06,4.4230723e-06,3.6710977e-06,8.2920121e-07,3,3,3,3,0.0020526195,1.603052e-05,1.9419982
324,9.6136929e-05,0.00010010643,8.1765796e-05,0.00066414103,4.0422783e-06,4.3583557e-06,3.6266254e-06,9.5365983e-07,3,3,3,3,0.0023607538,8.9546676e-06,1.9420072
325,9.5150729e-05,9.8808209e-05,8.0865437e-05,0.00065897206,3.9915329e-06,4.2959604e-06,3.582293e-06,8.1608531e-07,3,3,3,3,0.0020202293,1.9230893e-05,1.9420264
326,9.4090443e-05,9.7462715e-05,7.9922643e-05,0.00065312862,3.9369349e-06,4.2315268e-06,3.5361858e-06,8.1144886e-07,3,3,3,3,0.0020087925,1.4752091e-05,1.9420411
327,9.3014566e-05,9.6127845e-05,7.8965024e-05,0.00064680773,3.8810434e-06,4.1669558e-06,3.4891334e-06,7.924031e-07,3,3,3,3,0.0019616836,1.0210169e-05,1.9420513
328,9.190335e-05,9.4807347e-05,7.8009781e-05,0.0006400783,3.8238406e-06,4.1035334e-06,3.4424357e-06,7.8027138e-07,3,3,3,3,0.0019316913,6.2870702e-06,1.9420576
329,9.0750148e-05,9.3485201e-05,7.7033088e-05,0.00063300475,3.7649633e-06,4.0397358e-06,3.3946926e-06,7.7166062e-07,3,3,3,3,0.0019104156,3.1655318e-06,1.9420608
330,8.9547171e-05,9.2155986e-05,7.6027376e-05,0.00062552022,3.7042217e-06,3.9749292e-06,3.3458184e-06,7.6031265e-07,3,3,3,3,0.0018823628,5.4272413e-07,1.9420613
331,8.8291217e-05,9.081404e-05,7.5003298e-05,0.00061767744,3.6418373e-06,3.9098201e-06,3.2967011e-06,7.4362508e-07,3,3,3,3,0.0018410891,-2.1192703e-06,1.9420592
332,8.6981225e-05,8.9439899e-05,7.3971164e-05,0.00060969607,3.5778201e-06,3.8443338e-06,3.2478749e-06,7.2995331e-07,3,3,3,3,0.0018072789,-5.2618956e-06,1.942054
333,8.5629354e-05,8.8036711e-05,7.292022e-05,0.00060143074,3.5125292e-06,3.7775984e-06,3.1979699e-06,7.227855e-07,3,3,3,3,0.0017895701,-8.9877948e-06,1.942045
334,8.4242162e-05,8.6612364e-05,7.1853597e-05,0.00059285201,3.4457925e-06,3.7097832e-06,3.1474181e-06,7.1487635e-07,3,3,3,3,0.0017700244,-1.2851811e-05,1.9420321
335,8.2824736e-05,8.5170562e-05,7.0778945e-05,0.00058377893,3.3779606e-06,3.6416657e-06,3.0969551e-06,7.0602713e-07,3,3,3,3,0.00174815,-1.6630208e-05,1.9420155
336,8.1374059e-05,8.3713953e-05,6.9700922e-05,0.00057422801,3.3091241e-06,3.5731969e-06,3.0468505e-06,6.9759235e-07,3,3,3,3,0.0017273009,-1.9940819e-05,1.9419956
337,7.9898377e-05,8.2244202e-05,6.8611827e-05,0.00056430735,3.2399299e-06,3.504704e-06,2.9965026e-06,6.9106835e-07,3,3,3,3,0.0017111816,-2.2591696e-05,1.941973
338,7.8397632e-05,8.0766162e-05,6.7511515e-05,0.00055414727,3.170486e-06,3.4358328e-06,2.9460915e-06,6.8467271e-07,3,3,3,3,0.001695379,-2.4698567e-05,1.9419483
339,7.6879979e-05,7.9274376e-05,6.6414757e-05,0.00054375333,3.1010983e-06,3.3672451e-06,2.8963922e-06,6.7592821e-07,3,3,3,3,0.001673759,-2.6974886e-05,1.9419213
340,7.5358626e-05,7.7778622e-05,6.5309939e-05,0.0005332022,3.0323359e-06,3.2991549e-06,2.8467241e-06,7.3918906e-07,3,3,3,3,0.0018304443,-1.0799564e-05,1.9419105
341,7.3840721e-05,7.6275786e-05,6.4204536e-05,0.00052245687,2.9642593e-06,3.2306966e-06,2.7974104e-06,6.4741198e-07,3,3,3,3,0.0016032128,-2.0949932e-05,1.9418895
342,7.2321865e-05,7.4781816e-05,6.3078675e-05,0.00051157726,2.8972107e-06,3.1632561e-06,2.7473949e-06,6.4453741e-07,3,3,3,3,0.0015961255,-1.700658e-05,1.9418725
343,7.0839377e-05,7.3313548e-05,6.1960923e-05,0.00050064252,2.8316302e-06,3.0971097e-06,2.6978883e-06,6.388128e-07,3,3,3,3,0.0015819791,-1.5450017e-05,1.9418571
344,6.937577e-05,7.1856504e-05,6.0841445e-05,0.00048967397,2.76779e-06,3.0316486e-06,2.6482101e-06,6.3870102e-07,3,3,3,3,0.0015817316,-1.559183e-05,1.9418415
345,6.7930837e-05,7.0411957e-05,5.9723746e-05,0.00047878244,2.7055503e-06,2.9673275e-06,2.5986827e-06,6.351521e-07,3,3,3,3,0.0015729718,-1.7390423e-05,1.9418241
346,6.6505165e-05,6.8991747e-05,5.8622892e-05,0.00046799753,2.6453728e-06,2.9052752e-06,2.5499753e-06,6.2772133e-07,3,3,3,3,0.0015545972,-2.0810321e-05,1.9418033
347,6.5110608e-05,6.7603808e-05,5.7551166e-05,0.00045731506,2.5880323e-06,2.8460654e-06,2.5026306e-06,6.1796837e-07,3,3,3,3,0.0015304698,-2.6198316e-05,1.9417771
348,6.3752803e-05,6.6254096e-05,5.6492904e-05,0.00044675281,2.5335602e-06,2.788633e-06,2.4560193e-06,6.8156828e-07,3,3,3,3,0.001688011,-1.4361231e-05,1.9417627
349,6.2418461e-05,6.4880705e-05,5.5400077e-05,0.00043613897,2.4806627e-06,2.7290472e-06,2.406946e-06,5.8702085e-07,3,3,3,3,0.0014538763,-2.9320678e-05,1.9417334
350,6.1129283e-05,6.3571795e-05,5.4347319e-05,0.00042590445,2.4310014e-06,2.6740621e-06,2.3600432e-06,6.5289716e-07,3,3,3,3,0.0016170577,-1.4264745e-05,1.9417191
351,5.9909517e-05,6.231182e-05,5.3345663e-05,0.00041596328,2.3839998e-06,2.6208644e-06,2.3154635e-06,5.6884061e-07,3,3,3,3,0.0014088948,-2.4530449e-05,1.9416946
352,5.8729593e-05,6.1063748e-05,5.2323624e-05,0.00040632865,2.3394439e-06,2.5683376e-06,2.269848e-06,5.6719586e-07,3,3,3,3,0.0014048409,-2.4268639e-05,1.9416703
353,5.7609094e-05,5.9863707e-05,5.1322154e-05,0.0003970894,2.2982096e-06,2.5175404e-06,2.2250449e-06,5.7164177e-07,3,3,3,3,0.0014158715,-2.7338329e-05,1.941643
354,5.6541338e-05,5.8704587e-05,5.0352945e-05,0.00038817458,2.2595361e-06,2.4688803e-06,2.1821069e-06,5.9264085e-07,3,3,3,3,0.0014679016,-1.5968582e-05,1.941627
355,5.551985e-05,5.7544524e-05,4.9390406e-05,0.00037943588,2.2233821e-06,2.4199761e-06,2.1392385e-06,5.5311531e-07,3,3,3,3,0.0013700202,-3.0793474e-05,1.9415962
356,5.4562533e-05,5.6449261e-05,4.8473876e-05,0.00037122164,2.1905592e-06,2.3749056e-06,2.0988627e-06,5.8335102e-07,3,3,3,3,0.0014449276,-1.6237784e-05,1.94158
357,5.3665543e-05,5.5361128e-05,4.7564247e-05,0.00036323394,2.1604703e-06,2.3292853e-06,2.058925e-06,5.1853648e-07,3,3,3,3,0.0012844017,-2.953659e-05,1.9415505
358,5.2829512e-05,5.4317829e-05,4.6671013e-05,0.00035573417,2.132726e-06,2.2864454e-06,2.019863e-06,5.5865938e-07,3,3,3,3,0.0013837991,-1.6028312e-05,1.9415344
359,5.2049705e-05,5.3308558e-05,4.5827393e-05,0.00034860333,2.1065827e-06,2.2449724e-06,1.9829011e-06,5.0520054e-07,3,3,3,3,0.0012513955,-2.8375232e-05,1.9415061
360,5.1318459e-05,5.2343152e-05,4.4991734e-05,0.00034189149,2.0821509e-06,2.2052557e-06,1.9459618e-06,5.1651922e-07,3,3,3,3,0.0012794445,-1.4058074e-05,1.941492
361,5.0617873e-05,5.1419472e-05,4.4192996e-05,0.00033536663,2.0589158e-06,2.1674313e-06,1.9108432e-06,4.9107866e-07,3,3,3,3,0.001216438,-2.7008299e-05,1.941465
362,4.9963748e-05,5.0551076e-05,4.3418473e-05,0.000329211,2.0369641e-06,2.1322103e-06,1.8767474e-06,5.0980047e-07,3,3,3,3,0.001262823,-1.5657041e-05,1.9414493
363,4.9338938e-05,4.9711544e-05,4.2660342e-05,0.00032323963,2.0156442e-06,2.0980691e-06,1.8431836e-06,4.8414035e-07,3,3,3,3,0.0011992707,-1.5958371e-05,1.9414334
364,4.8754285e-05,4.8938653e-05,4.1940718e-05,0.00031765322,1.9956975e-06,2.0670238e-06,1.8113384e-06,4.4635844e-07,3,3,3,3,0.0011056902,-2.3356445e-05,1.94141
365,4.8200968e-05,4.8199476e-05,4.1202495e-05,0.0003123554,1.9768909e-06,2.0371133e-06,1.7784069e-06,4.6655877e-07,3,3,3,3,0.0011557357,-1.5931181e-05,1.9413941
366,4.7662898e-05,4.7482849e-05,4.0487821e-05,0.00030735096,1.9588285e-06,2.0081591e-06,1.7467464e-06,4.5321977e-07,3,3,3,3,0.0011227009,-2.7843201e-05,1.9413663
367,4.7160839e-05,4.6845449e-05,3.981697e-05,0.00030275631,1.9420952e-06,1.9833864e-06,1.7174389e-06,4.8460061e-07,3,3,3,3,0.0012004437,-1.4697997e-05,1.9413516
368,4.666902e-05,4.620017e-05,3.9118152e-05,0.00029827525,1.9250176e-06,1.9567036e-06,1.686189e-06,4.710224e-07,3,3,3,3,0.001166815,-1.5551698e-05,1.941336
369,4.6210769e-05,4.5610674e-05,3.8458768e-05,0.00029405726,1.9082522e-06,1.9330025e-06,1.6570787e-06,4.3236349e-07,3,3,3,3,0.0010710558,-1.5025062e-05,1.941321
370,4.5764091e-05,4.5052693e-05,3.7810138e-05,0.00028994012,1.8916341e-06,1.9105281e-06,1.6284283e-06,4.2302866e-07,3,3,3,3,0.0010479368,-2.3242437e-05,1.9412977
371,4.5337805e-05,4.4504951e-05,3.7137837e-05,0.00028589462,1.8750097e-06,1.8873248e-06,1.5983808e-06,4.105825e-07,3,3,3,3,0.001017109,-2.310178e-05,1.9412746
372,4.4932339e-05,4.4010821e-05,3.6518731e-05,0.0002820962,1.859028e-06,1.8672488e-06,1.5712743e-06,4.5482003e-07,3,3,3,3,0.0011266993,-1.3888725e-05,1.9412607
373,4.4513748e-05,4.3461567e-05,3.5864086e-05,0.00027825028,1.8418268e-06,1.8437186e-06,1.541921e-06,4.5433261e-07,3,3,3,3,0.0011254957,-1.4374027e-05,1.9412464
374,4.4110823e-05,4.293126e-05,3.5229642e-05,0.00027460907,1.824686e-06,1.8208034e-06,1.5133603e-06,4.2123343e-07,3,3,3,3,0.0010435046,-1.4076906e-05,1.9412323
375,4.3701374e-05,4.2423435e-05,3.4624117e-05,0.00027099092,1.8078924e-06,1.799577e-06,1.4865734e-06,3.8910796e-07,3,3,3,3,0.00096392448,-2.4297619e-05,1.941208
376,4.3293371e-05,4.1901397e-05,3.3984881e-05,0.00026735888,1.7905516e-06,1.7770012e-06,1.4575394e-06,4.0259445e-07,3,3,3,3,0.00099733578,-1.490466e-05,1.9411931
377,4.2887852e-05,4.1380054e-05,3.3367857e-05,0.00026393045,1.7730252e-06,1.7549079e-06,1.4296871e-06,3.92127e-07,3,3,3,3,0.00097140762,-1.5044255e-05,1.941178
378,4.2482357e-05,4.0860482e-05,3.2755104e-05,0.00026055381,1.7551264e-06,1.7325635e-06,1.4017304e-06,3.9122191e-07,3,3,3,3,0.00096916798,-2.5899679e-05,1.9411521
379,4.2085342e-05,4.0365659e-05,3.2165184e-05,0.0002572966,1.7370428e-06,1.7112696e-06,1.374632e-06,4.0475904e-07,3,3,3,3,0.0010027045,-1.4971885e-05,1.9411372
380,4.1667504e-05,3.9821944e-05,3.1548138e-05,0.00025393388,1.7177395e-06,1.6872988e-06,1.345908e-06,3.9654622e-07,3,3,3,3,0.00098236142,-1.4641911e-05,1.9411225
381,4.1261162e-05,3.9292769e-05,3.0947135e-05,0.00025066979,1.6983534e-06,1.6636641e-06,1.3179485e-06,3.7070359e-07,3,3,3,3,0.0009183438,-1.3991524e-05,1.9411085
382,4.0846993e-05,3.8769464e-05,3.0364892e-05,0.00024744053,1.6786218e-06,1.6403791e-06,1.2909956e-06,3.4520933e-07,3,3,3,3,0.00085518872,-1.334086e-05,1.9410952
383,4.0424429e-05,3.8238764e-05,2.9783474e-05,0.00024418716,1.6587074e-06,1.6163226e-06,1.263797e-06,3.4497825e-07,3,3,3,3,0.00085461806,-2.0045083e-05,1.9410752
384,4.0006715e-05,3.7710264e-05,2.919786e-05,0.00024097486,1.6386252e-06,1.5920307e-06,1.2363123e-06,3.5155828e-07,3,3,3,3,0.00087091983,-2.4498397e-05,1.9410507
385,3.9586249e-05,3.7200403e-05,2.8651359e-05,0.00023787362,1.6186248e-06,1.5689574e-06,1.2108743e-06,4.1145897e-07,3,3,3,3,0.0010193137,-1.3836008e-05,1.9410368
386,3.9140074e-05,3.6621673e-05,2.8052393e-05,0.00023462735,1.5970341e-06,1.5416961e-06,1.1824025e-06,3.69674e-07,3,3,3,3,0.00091580194,-1.4866718e-05,1.941022
387,3.8708607e-05,3.6076079e-05,2.7493491e-05,0.00023158313,1.5759197e-06,1.516318e-06,1.1560771e-06,3.3883513e-07,3,3,3,3,0.00083940676,-1.3757082e-05,1.9410082
388,3.825963e-05,3.5531001e-05,2.694178e-05,0.00022851782,1.5545941e-06,1.4912606e-06,1.1300262e-06,3.1185647e-07,3,3,3,3,0.00077257326,-1.8563339e-05,1.9409896
389,3.7807175e-05,3.4970751e-05,2.6367557e-05,0.00022538736,1.5329159e-06,1.4646597e-06,1.1025184e-06,3.1444932e-07,3,3,3,3,0.00077899734,-1.9346682e-05,1.9409703
390,3.7361767e-05,3.4431558e-05,2.5822051e-05,0.00022238921,1.5117051e-06,1.4400713e-06,1.076697e-06,3.3445481e-07,3,3,3,3,0.00082855853,-1.3594208e-05,1.9409567
391,3.6897518e-05,3.3870034e-05,2.5271382e-05,0.00021934452,1.4896517e-06,1.4143833e-06,1.0504268e-06,3.3083943e-07,3,3,3,3,0.00081960377,-1.2908451e-05,1.9409438
392,3.6434986e-05,3.3320667e-05,2.4729124e-05,0.00021637266,1.4676508e-06,1.389236e-06,1.0245233e-06,3.1831569e-07,3,3,3,3,0.00078857999,-1.2966904e-05,1.9409308
393,3.5971687e-05,3.2791988e-05,2.420588e-05,0.00021346703,1.4457844e-06,1.3655158e-06,9.9981459e-07,2.9614239e-07,3,3,3,3,0.00073365056,-1.1638594e-05,1.9409192
394,3.5510345e-05,3.227909e-05,2.3697925e-05,0.00021060195,1.4244447e-06,1.3425996e-06,9.7580811e-07,2.8399664e-07,3,3,3,3,0.00070356267,-1.7947155e-05,1.9409012
395,3.5054255e-05,3.1778579e-05,2.3196373e-05,0.00020772676,1.4035013e-06,1.3199547e-06,9.5193618e-07,2.9674885e-07,3,3,3,3,0.00073515545,-1.1626645e-05,1.9408896
396,3.4590161e-05,3.1263817e-05,2.2700715e-05,0.00020482677,1.3826948e-06,1.2964161e-06,9.2830997e-07,2.9440917e-07,3,3,3,3,0.00072936092,-1.1280877e-05,1.9408783
397,3.4132589e-05,3.0768835e-05,2.2227475e-05,0.00020195237,1.3622798e-06,1.2739462e-06,9.058204e-07,2.7804825e-07,3,3,3,3,0.00068883046,-1.0919824e-05,1.9408674
398,3.3679953e-05,3.0292535e-05,2.1773173e-05,0.00019910633,1.3421928e-06,1.2526176e-06,8.847088e-07,2.6443945e-07,3,3,3,3,0.00065511781,-1.6113568e-05,1.9408513
399,3.3238075e-05,2.9832114e-05,2.1328579e-05,0.00019628266,1.3227576e-06,1.232197e-06,8.6434615e-07,2.8117731e-07,3,3,3,3,0.00069658496,-9.4951809e-06,1.9408418
400,3.2797339e-05,2.9370789e-05,2.0890744e-05,0.00019347747,1.3035659e-06,1.2119214e-06,8.4440844e-07,2.7588998e-07,3,3,3,3,0.00068348791,-9.7632627e-06,1.940832
401,3.2368469e-05,2.8935511e-05,2.047943e-05,0.00019071343,1.2849872e-06,1.192898e-06,8.2617471e-07,2.5829459e-07,3,3,3,3,0.00063989885,-1.5056538e-05,1.940817
402,3.1951386e-05,2.852777e-05,2.0087459e-05,0.00018794755,1.2670176e-06,1.1751763e-06,8.0879343e-07,2.7821052e-07,3,3,3,3,0.00068923978,-8.4770134e-06,1.9408085
403,3.153636e-05,2.8116139e-05,1.9691279e-05,0.00018517727,1.2490068e-06,1.1566841e-06,7.9109271e-07,2.5775033e-07,3,3,3,3,0.00063855337,-8.0874914e-06,1.9408004
404,3.1140452e-05,2.7745446e-05,1.933211e-05,0.00018250953,1.2321048e-06,1.1405003e-06,7.7534992e-07,2.4013497e-07,3,3,3,3,0.00059491449,-1.2843829e-05,1.9407876
405,3.0748663e-05,2.737886e-05,1.8968537e-05,0.00017981472,1.2156634e-06,1.1241472e-06,7.5923122e-07,2.3503684e-07,3,3,3,3,0.00058228541,-1.3547446e-05,1.940774
406,3.038116e-05,2.7055434e-05,1.8642066e-05,0.00017727572,1.2005347e-06,1.1100785e-06,7.4531627e-07,2.6115009e-07,3,3,3,3,0.00064698023,-7.9002454e-06,1.9407661
407,3.0017169e-05,2.6711837e-05,1.8304373e-05,0.00017469598,1.1855064e-06,1.0945317e-06,7.3059921e-07,2.4624091e-07,3,3,3,3,0.00061004571,-7.6983232e-06,1.9407584
408,2.9675911e-05,2.640864e-05,1.8008259e-05,0.00017225533,1.1718571e-06,1.0812076e-06,7.1818596e-07,2.1897365e-07,3,3,3,3,0.00054249448,-1.102007e-05,1.9407474
409,2.9334216e-05,2.6105111e-05,1.7705249e-05,0.00016978865,1.15868e-06,1.067444e-06,7.0533662e-07,2.175666e-07,3,3,3,3,0.0005390098,-1.0999512e-05,1.9407364
410,2.9013424e-05,2.5826912e-05,1.7427153e-05,0.00016738611,1.1466517e-06,1.0551028e-06,6.9382943e-07,2.2577816e-07,3,3,3,3,0.00055935487,-6.2970644e-06,1.9407301
411,2.8702524e-05,2.5547301e-05,1.7158226e-05,0.00016501049,1.1348807e-06,1.0427387e-06,6.8281076e-07,2.1138089e-07,3,3,3,3,0.00052368799,-6.0555879e-06,1.9407241
412,2.8410263e-05,2.5289384e-05,1.6910237e-05,0.00016269685,1.1238109e-06,1.0313131e-06,6.7278392e-07,2.03844e-07,3,3,3,3,0.0005050172,-8.8771751e-06,1.9407152
413,2.8123618e-05,2.5029393e-05,1.6661215e-05,0.0001603741,1.1127371e-06,1.0196838e-06,6.6245806e-07,2.0080032e-07,3,3,3,3,0.0004974778,-9.1750112e-06,1.940706
414,2.7855574e-05,2.4795537e-05,1.6440455e-05,0.00015813477,1.1025002e-06,1.009446e-06,6.5361103e-07,2.0227218e-07,3,3,3,3,0.00050112551,-5.609565e-06,1.9407004
415,2.7586908e-05,2.455007e-05,1.621299e-05,0.000155903,1.0921938e-06,9.984633e-07,6.4441673e-07,1.9371607e-07,3,3,3,3,0.00047992936,-9.7254413e-06,1.9406907
416,2.7330074e-05,2.4328592e-05,1.600781e-05,0.00015374198,1.0825475e-06,9.8924267e-07,6.3642909e-07,2.0913038e-07,3,3,3,3,0.00051811941,-5.189438e-06,1.9406855
417,2.708138e-05,2.4103918e-05,1.5803183e-05,0.00015162247,1.0729758e-06,9.7980845e-07,6.2824899e-07,1.9255121e-07,3,3,3,3,0.00047704606,-4.6432189e-06,1.9406808
418,2.6837011e-05,2.3896859e-05,1.5621877e-05,0.00014955172,1.0640187e-06,9.7153912e-07,6.2118657e-07,1.8288357e-07,3,3,3,3,0.00045309577,-7.1003415e-06,1.9406737
419,2.6588142e-05,2.3676633e-05,1.5425241e-05,0.00014743856,1.054995e-06,9.6251902e-07,6.1324788e-07,1.7974129e-07,3,3,3,3,0.00044531176,-6.9967968e-06,1.9406667
420,2.6346988e-05,2.347065e-05,1.5239816e-05,0.00014540943,1.0464552e-06,9.5443527e-07,6.0580836e-07,1.8059068e-07,3,3,3,3,0.00044741715,-7.6979145e-06,1.940659
421,2.610401e-05,2.3275189e-05,1.5070906e-05,0.00014340851,1.0380737e-06,9.4698e-07,5.9941522e-07,1.8259861e-07,3,3,3,3,0.00045239285,-4.79356e-06,1.9406542
422,2.5856736e-05,2.3068159e-05,1.4887784e-05,0.00014137836,1.0293939e-06,9.3830851e-07,5.9214485e-07,1.7813167e-07,3,3,3,3,0.00044132717,-4.6859112e-06,1.9406496
423,2.5613132e-05,2.2871181e-05,1.4720785e-05,0.00013942839,1.0209154e-06,9.3041478e-07,5.8574624e-07,1.6758531e-07,3,3,3,3,0.00041519937,-7.5682848e-06,1.940642
424,2.536045e-05,2.2668661e-05,1.4550316e-05,0.00013749417,1.0120285e-06,9.220547e-07,5.7904795e-07,1.666661e-07,3,3,3,3,0.00041292293,-8.0167925e-06,1.940634
425,2.5110433e-05,2.2478105e-05,1.4391934e-05,0.00013564081,1.003321e-06,9.1422711e-07,5.7310714e-07,1.716043e-07,3,3,3,3,0.00042515851,-4.6908255e-06,1.9406293
426,2.4853309e-05,2.2276453e-05,1.4229639e-05,0.00013377666,9.9410781e-07,9.057608e-07,5.669442e-07,1.6123274e-07,3,3,3,3,0.00039946352,-8.7011555e-06,1.9406206
427,2.459353e-05,2.2080548e-05,1.4072476e-05,0.00013194582,9.8486232e-07,8.9765158e-07,5.6112863e-07,1.6765697e-07,3,3,3,3,0.00041538083,-4.5895488e-06,1.940616
428,2.4332913e-05,2.1876065e-05,1.3917821e-05,0.00013012475,9.7537862e-07,8.8897557e-07,5.5520273e-07,1.5323698e-07,3,3,3,3,0.00037965537,-8.0249648e-06,1.940608
429,2.4070516e-05,2.1666793e-05,1.3764836e-05,0.00012832914,9.6564082e-07,8.8007142e-07,5.4918313e-07,1.5104278e-07,3,3,3,3,0.00037421981,-8.3097337e-06,1.9405997
430,2.3813453e-05,2.1463435e-05,1.3622098e-05,0.00012656019,9.5592248e-07,8.7143099e-07,5.4375476e-07,1.6717714e-07,3,3,3,3,0.00041419469,-4.1153399e-06,1.9405955
431,2.3552779e-05,2.1244421e-05,1.347012e-05,0.00012477482,9.4574026e-07,8.6184125e-07,5.3792316e-07,1.52981e-07,3,3,3,3,0.00037902354,-4.3220407e-06,1.9405912
432,2.3291888e-05,2.1030492e-05,1.3329782e-05,0.0001230606,9.3568927e-07,8.5272381e-07,5.327545e-07,1.4582037e-07,3,3,3,3,0.00036128323,-6.7285829e-06,1.9405845
433,2.3020228e-05,2.0794259e-05,1.3171058e-05,0.00012130389,9.2526695e-07,8.4238633e-07,5.2657856e-07,1.4548152e-07,3,3,3,3,0.00036044427,-6.6470715e-06,1.9405778
434,2.2751444e-05,2.0563256e-05,1.3020773e-05,0.00011958963,9.1500741e-07,8.3238685e-07,5.2072509e-07,1.4435153e-07,3,3,3,3,0.00035764512,-7.6639193e-06,1.9405702
435,2.2479476e-05,2.0333442e-05,1.2880652e-05,0.00011788557,9.0472089e-07,8.2263084e-07,5.1548622e-07,1.4905112e-07,3,3,3,3,0.00036928934,-4.6200986e-06,1.9405656
436,2.2200039e-05,2.0081211e-05,1.2721604e-05,0.00011611837,8.9387863e-07,8.1149484e-07,5.0906514e-07,1.4587242e-07,3,3,3,3,0.00036141445,-4.5938084e-06,1.940561
437,2.1920703e-05,1.9833225e-05,1.2575519e-05,0.00011440425,8.8306736e-07,8.0081732e-07,5.0336927e-07,1.3316308e-07,3,3,3,3,0.00032992624,-4.5048225e-06,1.9405565
438,2.1634408e-05,1.957835e-05,1.243032e-05,0.00011270106,8.7200934e-07,7.8992466e-07,4.9761465e-07,1.3323926e-07,3,3,3,3,0.00033011543,-5.9888091e-06,1.9405505
439,2.1347541e-05,1.9312104e-05,1.2276971e-05,0.00011097277,8.6073425e-07,7.7840993e-07,4.9134357e-07,1.3222843e-07,3,3,3,3,0.00032761128,-6.0422024e-06,1.9405444
440,2.1060271e-05,1.9046267e-05,1.2128763e-05,0.00010925924,8.4937873e-07,7.6722061e-07,4.8533923e-07,1.3260903e-07,3,3,3,3,0.00032855452,-7.3446582e-06,1.9405371
441,2.0773445e-05,1.8781314e-05,1.1986716e-05,0.00010755691,8.3793426e-07,7.5625575e-07,4.7964536e-07,1.3374263e-07,3,3,3,3,0.00033136338,-4.674703e-06,1.9405324
442,2.0481251e-05,1.8499635e-05,1.1828464e-05,0.00010578322,8.2612028e-07,7.4432728e-07,4.7302795e-07,1.3259684e-07,3,3,3,3,0.00032852489,-4.7044472e-06,1.9405277
443,2.0190779e-05,1.8224038e-05,1.1679013e-05,0.00010403423,8.144939e-07,7.3291889e-07,4.6705328e-07,1.2121377e-07,3,3,3,3,0.00030032223,-4.7455575e-06,1.940523
444,1.9896829e-05,1.7946048e-05,1.153317e-05,0.00010229021,8.026962e-07,7.2157171e-07,4.6123773e-07,1.1882595e-07,3,3,3,3,0.0002944063,-6.2601358e-06,1.9405167
445,1.9603368e-05,1.7662416e-05,1.1382273e-05,0.00010052596,7.9087475e-07,7.0975779e-07,4.5506665e-07,1.1777914e-07,3,3,3,3,0.00029181274,-6.1580416e-06,1.9405105
446,1.9310964e-05,1.7383585e-05,1.1238831e-05,9.8755933e-05,7.7921191e-07,6.9838158e-07,4.4937932e-07,1.1728953e-07,3,3,3,3,0.0002905997,-7.0645376e-06,1.9405035
447,1.9019037e-05,1.7108038e-05,1.1101253e-05,9.6989647e-05,7.6759018e-07,6.8725068e-07,4.4405282e-07,1.2209224e-07,3,3,3,3,0.00030249901,-4.3173863e-06,1.9404992
448,1.8722517e-05,1.6823321e-05,1.0952758e-05,9.5180009e-05,7.5579124e-07,6.7543078e-07,4.380379e-07,1.1828902e-07,3,3,3,3,0.00029307614,-4.3782878e-06,1.9404948
449,1.8429153e-05,1.6547225e-05,1.081413e-05,9.3411189e-05,7.4426064e-07,6.642805e-07,4.3274012e-07,1.0754449e-07,3,3,3,3,0.00026645526,-4.4068659e-06,1.9404904
450,1.8136021e-05,1.6271987e-05,1.067698e-05,9.165745e-05,7.3271505e-07,6.5314838e-07,4.2765798e-07,1.0570591e-07,3,3,3,3,0.00026189992,-5.5748334e-06,1.9404848
451,1.7845991e-05,1.5995049e-05,1.0536019e-05,8.9906079e-05,7.2121267e-07,6.4179207e-07,4.2236838e-07,1.0419876e-07,3,3,3,3,0.00025816566,-5.3875013e-06,1.9404794
452,1.7559941e-05,1.5726291e-05,1.0400818e-05,8.8186558e-05,7.0989937e-07,6.3092607e-07,4.1745517e-07,1.0334183e-07,3,3,3,3,0.00025604237,-6.0698407e-06,1.9404733
453,1.7276282e-05,1.5465059e-05,1.0272021e-05,8.6489692e-05,6.986162e-07,6.2046139e-07,4.1289496e-07,1.0534988e-07,3,3,3,3,0.00026101741,-4.1042973e-06,1.9404692
454,1.6991636e-05,1.5200631e-05,1.0134669e-05,8.4803299e-05,6.8718429e-07,6.0970146e-07,4.0781517e-07,1.0365642e-07,3,3,3,3,0.00025682156,-4.0144384e-06,1.9404652
455,1.670998e-05,1.4946175e-05,1.0003622e-05,8.3162891e-05,6.7601069e-07,5.9962057e-07,4.0307345e-07,9.5900569e-08,3,3,3,3,0.00023760538,-6.1990656e-06,1.940459
456,1.642976e-05,1.4694093e-05,9.8727657e-06,8.1560988e-05,6.6489281e-07,5.8957358e-07,3.9827519e-07,9.9480555e-08,3,3,3,3,0.00024647503,-3.8342208e-06,1.9404552
457,1.6154694e-05,1.4448392e-05,9.7437746e-06,7.9981485e-05,6.5394221e-07,5.7963009e-07,3.9346871e-07,9.1854876e-08,3,3,3,3,0.00022758135,-5.732515e-06,1.9404495
458,1.5884051e-05,1.4206516e-05,9.6152099e-06,7.8455025e-05,6.4316332e-07,5.6974153e-07,3.8863234e-07,9.1316184e-08,3,3,3,3,0.00022624646,-5.9486657e-06,1.9404435
459,1.561692e-05,1.3972772e-05,9.4934456e-06,7.6984596e-05,6.3253425e-07,5.6021342e-07,3.8405704e-07,1.000494e-07,3,3,3,3,0.00024788379,-3.6032749e-06,1.9404399
460,1.535009e-05,1.3735975e-05,9.364984e-06,7.5526567e-05,6.2184197e-07,5.5036319e-07,3.7906123e-07,9.2138096e-08,3,3,3,3,0.00022828246,-3.565519e-06,1.9404363
461,1.5087424e-05,1.3508907e-05,9.2451477e-06,7.4157881e-05,6.1145561e-07,5.4108523e-07,3.7447604e-07,8.5937536e-08,3,3,3,3,0.00021291971,-5.184227e-06,1.9404312
462,1.4826771e-05,1.3273505e-05,9.118151e-06,7.2837811e-05,6.010567e-07,5.313356e-07,3.6937106e-07,8.5077437e-08,3,3,3,3,0.00021078849,-5.1345471e-06,1.940426
463,1.4572288e-05,1.3046445e-05,8.9968336e-06,7.1593729e-05,5.9084756e-07,5.2209132e-07,3.6455766e-07,8.6611983e-08,3,3,3,3,0.00021459025,-5.5017356e-06,1.9404205
464,1.4319453e-05,1.2824564e-05,8.8805004e-06,7.0387813e-05,5.8070083e-07,5.1317611e-07,3.6004206e-07,9.2431323e-08,3,3,3,3,0.00022900801,-2.9958385e-06,1.9404175
465,1.4064499e-05,1.2593697e-05,8.7526707e-06,6.9166703e-05,5.7036885e-07,5.0375744e-07,3.5484264e-07,8.7920352e-08,3,3,3,3,0.00021783144,-3.2255894e-06,1.9404143
466,1.3813792e-05,1.2372339e-05,8.632781e-06,6.801155e-05,5.6024434e-07,4.9504961e-07,3.5015239e-07,7.7485828e-08,3,3,3,3,0.0001919787,-4.9911346e-06,1.9404093
467,1.3563801e-05,1.2144157e-05,8.5070714e-06,6.6862094e-05,5.5007716e-07,4.8596617e-07,3.4518032e-07,7.6835043e-08,3,3,3,3,0.00019036609,-4.9827365e-06,1.9404043
468,1.3320975e-05,1.192323e-05,8.3864705e-06,6.5742875e-05,5.4024421e-07,4.7726393e-07,3.4050155e-07,7.8585508e-08,3,3,3,3,0.00019470281,-5.3717293e-06,1.940399
469,1.3081259e-05,1.1707786e-05,8.2697931e-06,6.464359e-05,5.3056415e-07,4.6885489e-07,3.3599125e-07,8.6210704e-08,3,3,3,3,0.0002135947,-3.1905772e-06,1.9403958
470,1.2842408e-05,1.1487878e-05,8.145067e-06,6.352241e-05,5.2075956e-07,4.6010081e-07,3.30967e-07,7.9680084e-08,3,3,3,3,0.00019741435,-3.2062107e-06,1.9403926
471,1.260974e-05,1.1280083e-05,8.0294021e-06,6.2440609e-05,5.1125798e-07,4.5203909e-07,3.2648345e-07,7.02555e-08,3,3,3,3,0.00017406398,-4.5832769e-06,1.940388
472,1.2378583e-05,1.1067405e-05,7.9064997e-06,6.133966e-05,5.0178782e-07,4.4360116e-07,3.2156253e-07,7.213427e-08,3,3,3,3,0.0001787186,-4.339493e-06,1.9403836
473,1.2153238e-05,1.0860881e-05,7.7860599e-06,6.027385e-05,4.9262945e-07,4.3545056e-07,3.1671689e-07,7.0985855e-08,3,3,3,3,0.00017587313,-4.8079376e-06,1.9403788
474,1.1931997e-05,1.066225e-05,7.6694737e-06,5.9241369e-05,4.8369853e-07,4.277391e-07,3.121067e-07,7.6786551e-08,3,3,3,3,0.00019024463,-2.9694098e-06,1.9403759
475,1.1710323e-05,1.0460501e-05,7.5454023e-06,5.8204564e-05,4.7475093e-07,4.1976204e-07,3.0704804e-07,7.385625e-08,3,3,3,3,0.00018298445,-2.8920803e-06,1.940373
476,1.1494647e-05,1.0268091e-05,7.4275202e-06,5.7221651e-05,4.6606089e-07,4.1237369e-07,3.0235018e-07,6.8341808e-08,3,3,3,3,0.00016932189,-4.8087914e-06,1.9403682
477,1.1280838e-05,1.0072147e-05,7.303393e-06,5.6228199e-05,4.5743649e-07,4.0468002e-07,2.9731758e-07,6.715833e-08,3,3,3,3,0.00016638959,-4.9391538e-06,1.9403632
478,1.1073331e-05,9.8863542e-06,7.1852498e-06,5.5263821e-05,4.4904106e-07,3.9746481e-07,2.9261452e-07,6.6198569e-08,3,3,3,3,0.00016401158,-5.4085458e-06,1.9403578
479,1.0869151e-05,9.7048636e-06,7.0688585e-06,5.4320238e-05,4.4083885e-07,3.90462e-07,2.879598e-07,7.6711183e-08,3,3,3,3,0.00019005718,-2.9560991e-06,1.9403549
480,1.0666396e-05,9.5206658e-06,6.9438944e-06,5.3369925e-05,4.3254309e-07,3.8311748e-07,2.82793e-07,7.0124117e-08,3,3,3,3,0.0001737372,-3.1439418e-06,1.9403517
481,1.0469013e-05,9.34747e-06,6.8283407e-06,5.2473458e-05,4.2451541e-07,3.7637492e-07,2.7819584e-07,6.0550156e-08,3,3,3,3,0.00015001701,-4.6100324e-06,1.9403471
482,1.0273017e-05,9.1695294e-06,6.7060507e-06,5.1568367e-05,4.1652469e-07,3.6925711e-07,2.7322726e-07,5.920496e-08,3,3,3,3,0.00014668411,-4.4665797e-06,1.9403426
483,1.0083479e-05,8.997059e-06,6.5866149e-06,5.0705563e-05,4.0868209e-07,3.6240129e-07,2.6835144e-07,5.8550514e-08,3,3,3,3,0.0001450626,-4.6580883e-06,1.940338
484,9.8970876e-06,8.8305949e-06,6.4724431e-06,4.9874393e-05,4.0088603e-07,3.5595052e-07,2.6379242e-07,5.8238447e-08,3,3,3,3,0.00014428936,-4.9616814e-06,1.940333
485,9.7137691e-06,8.6682946e-06,6.3626038e-06,4.9070393e-05,3.9315997e-07,3.4960102e-07,2.5931971e-07,6.8551495e-08,3,3,3,3,0.0001698405,-3.1385456e-06,1.9403299
486,9.531276e-06,8.5020004e-06,6.2461441e-06,4.8281082e-05,3.8530048e-07,3.4282746e-07,2.5440533e-07,6.3519842e-08,3,3,3,3,0.00015737426,-3.2024677e-06,1.9403267
487,9.3529719e-06,8.3444472e-06,6.1392895e-06,4.7540368e-05,3.7761044e-07,3.3659064e-07,2.4998841e-07,5.4047916e-08,3,3,3,3,0.00013390697,-4.4519119e-06,1.9403222
488,9.1759613e-06,8.1809122e-06,6.0283828e-06,4.6789908e-05,3.6995688e-07,3.2994016e-07,2.4526928e-07,5.2753026e-08,3,3,3,3,0.00013069877,-4.2356982e-06,1.940318
489,9.0032962e-06,8.021598e-06,5.9216767e-06,4.6072428e-05,3.624079e-07,3.234546e-07,2.406927e-07,5.1888473e-08,3,3,3,3,0.00012855677,-4.2080615e-06,1.9403138
490,8.8320034e-06,7.8640445e-06,5.8192009e-06,4.5374076e-05,3.5489946e-07,3.171746e-07,2.3631944e-07,4.8842904e-08,3,3,3,3,0.00012101117,-5.4128113e-06,1.9403084
491,8.6625914e-06,7.7058019e-06,5.7181101e-06,4.4681961e-05,3.4745905e-07,3.1078143e-07,2.3198269e-07,6.3414736e-08,3,3,3,3,0.00015711373,-2.9359478e-06,1.9403054
492,8.4942854e-06,7.5468785e-06,5.6146404e-06,4.401217e-05,3.3998753e-07,3.0424728e-07,2.274864e-07,5.7065812e-08,3,3,3,3,0.00014138392,-2.9888558e-06,1.9403024
493,8.3281187e-06,7.3917746e-06,5.5166496e-06,4.3359016e-05,3.3265152e-07,2.9798875e-07,2.233078e-07,4.6583862e-08,3,3,3,3,0.0001154143,-4.5685117e-06,1.9402979
494,8.1644559e-06,7.232346e-06,5.4161043e-06,4.2691554e-05,3.2540113e-07,2.9142783e-07,2.18995e-07,4.6422883e-08,3,3,3,3,0.00011501547,-4.334042e-06,1.9402935
495,8.003091e-06,7.0740549e-06,5.3172317e-06,4.2035738e-05,3.1828894e-07,2.8488718e-07,2.1477315e-07,5.031611e-08,3,3,3,3,0.00012466118,-3.4418755e-06,1.9402901
496,7.8435281e-06,6.9180577e-06,5.220629e-06,4.139702e-05,3.1126256e-07,2.7844858e-07,2.1069305e-07,4.4986492e-08,3,3,3,3,0.00011145675,-4.2755249e-06,1.9402858
497,7.6857764e-06,6.7632257e-06,5.1275774e-06,4.076063e-05,3.0434935e-07,2.7207634e-07,2.0682583e-07,4.4370296e-08,3,3,3,3,0.00010993011,-4.5225907e-06,1.9402813
498,7.530272e-06,6.6097502e-06,5.036116e-06,4.0127849e-05,2.9758246e-07,2.6569633e-07,2.0303125e-07,5.4682994e-08,3,3,3,3,0.00013548048,-2.4444667e-06,1.9402788
499,7.3761727e-06,6.453689e-06,4.9412244e-06,3.9496034e-05,2.908734e-07,2.5902536e-07,1.9906921e-07,4.2967645e-08,3,3,3,3,0.00010645504,-4.0161112e-06,1.9402748
500,7.2248742e-06,6.3016906e-06,4.8514812e-06,3.8856394e-05,2.8443592e-07,2.5265145e-07,1.9544682e-07,5.2550964e-08,3,3,3,3,0.00013019835,-2.1447341e-06,1.9402727
501,7.0773614e-06,6.1526422e-06,4.7644017e-06,3.8236225e-05,2.7809467e-07,2.4630755e-07,1.9192553e-07,4.1899392e-08,3,3,3,3,0.00010380846,-2.5995323e-06,1.9402701
502,6.9320093e-06,6.004255e-06,4.6776356e-06,3.7605487e-05,2.7193535e-07,2.3995541e-07,1.8837401e-07,4.1006765e-08,3,3,3,3,0.00010159696,-1.9889871e-06,1.9402681
503,6.7894933e-06,5.8599855e-06,4.5934662e-06,3.6982153e-05,2.6590453e-07,2.3372929e-07,1.8489723e-07,4.0271969e-08,3,3,3,3,9.9776498e-05,-1.5552332e-06,1.9402665
504,6.6491871e-06,5.7188369e-06,4.5107776e-06,3.6372796e-05,2.5994416e-07,2.2762021e-07,1.8147039e-07,3.9640952e-08,3,3,3,3,9.8213154e-05,-1.3203186e-06,1.9402652
505,6.5112456e-06,5.5815833e-06,4.4299637e-06,3.5781601e-05,2.5408995e-07,2.2162842e-07,1.7816755e-07,4.1400704e-08,3,3,3,3,0.00010257311,-1.9517527e-06,1.9402633
506,6.3751011e-06,5.446933e-06,4.3492424e-06,3.5202373e-05,2.4832154e-07,2.1564375e-07,1.7483134e-07,3.8241468e-08,3,3,3,3,9.4745932e-05,-1.6844116e-06,1.9402616
507,6.2404885e-06,5.3163387e-06,4.2696888e-06,3.4624886e-05,2.4263227e-07,2.0982853e-07,1.7156125e-07,3.762299e-08,3,3,3,3,9.321366e-05,-2.0801691e-06,1.9402595
508,6.1072389e-06,5.1892479e-06,4.1909401e-06,3.4045084e-05,2.3704086e-07,2.0416226e-07,1.6832462e-07,4.5551788e-08,3,3,3,3,0.00011285789,-1.2947335e-06,1.9402582
509,5.9750454e-06,5.0648425e-06,4.1141057e-06,3.3478763e-05,2.3148984e-07,1.9861839e-07,1.6518658e-07,3.6179735e-08,3,3,3,3,8.9638005e-05,-1.9776986e-06,1.9402562
510,5.841388e-06,4.93978e-06,4.0346965e-06,3.2897636e-05,2.2595265e-07,1.9313576e-07,1.6192559e-07,3.5451415e-08,3,3,3,3,8.7833589e-05,-1.6873711e-06,1.9402545
511,5.7086564e-06,4.8175175e-06,3.9555095e-06,3.2322755e-05,2.2046673e-07,1.8780286e-07,1.5866747e-07,3.4803276e-08,3,3,3,3,8.6227829e-05,-1.3431248e-06,1.9402532
512,5.5763759e-06,4.6976138e-06,3.8763897e-06,3.175296e-05,2.1501355e-07,1.8261829e-07,1.5541363e-07,3.4119831e-08,3,3,3,3,8.4534592e-05,-9.4556189e-07,1.9402523
513,5.4449354e-06,4.5798202e-06,3.7971802e-06,3.1176047e-05,2.0963691e-07,1.7759633e-07,1.5216719e-07,3.3429213e-08,3,3,3,3,8.2823581e-05,-5.1368689e-07,1.9402517
514,5.3135512e-06,4.4637627e-06,3.7181878e-06,3.05957e-05,2.0430589e-07,1.7270479e-07,1.4893261e-07,3.2827464e-08,3,3,3,3,8.1332749e-05,-1.1144082e-07,1.9402516
515,5.1825591e-06,4.349702e-06,3.6388431e-06,3.0012571e-05,1.9898843e-07,1.6791707e-07,1.456643e-07,3.5107807e-08,3,3,3,3,8.6982542e-05,-4.1552611e-07,1.9402512
516,5.0526096e-06,4.2383204e-06,3.5601925e-06,2.9428982e-05,1.9369963e-07,1.6326069e-07,1.4244624e-07,3.1493784e-08,3,3,3,3,7.8028544e-05,2.2695222e-07,1.9402514
517,4.9224561e-06,4.12849e-06,3.4803972e-06,2.8837989e-05,1.8840335e-07,1.5869866e-07,1.3916358e-07,3.0894987e-08,3,3,3,3,7.6545018e-05,4.3788976e-07,1.9402519
518,4.7930761e-06,4.0208185e-06,3.4004939e-06,2.824663e-05,1.8315115e-07,1.5429991e-07,1.3588115e-07,3.0283264e-08,3,3,3,3,7.5029468e-05,6.2052138e-07,1.9402525
519,4.6645101e-06,3.9153915e-06,3.3205711e-06,2.7655176e-05,1.7794823e-07,1.500289e-07,1.32586e-07,2.9830246e-08,3,3,3,3,7.3907119e-05,8.0256475e-07,1.9402533
520,4.5372827e-06,3.8128165e-06,3.2403315e-06,2.7060113e-05,1.7281205e-07,1.4589754e-07,1.2928323e-07,2.9375994e-08,3,3,3,3,7.2781712e-05,1.0144391e-06,1.9402543
521,4.4108403e-06,3.71292e-06,3.1602006e-06,2.6464465e-05,1.6778518e-07,1.4192085e-07,1.2597884e-07,3.5367754e-08,3,3,3,3,8.7626896e-05,-2.9697858e-08,1.9402543
522,4.2858989e-06,3.6152024e-06,3.0798748e-06,2.5878013e-05,1.6283694e-07,1.3804766e-07,1.226556e-07,2.8295017e-08,3,3,3,3,7.0103563e-05,7.2035096e-07,1.940255
523,4.1611639e-06,3.5195825e-06,2.9993465e-06,2.5289808e-05,1.5793437e-07,1.3428131e-07,1.1933212e-07,2.7793629e-08,3,3,3,3,6.8861365e-05,4.1486088e-07,1.9402554
524,4.0388053e-06,3.4269401e-06,2.9191178e-06,2.4705167e-05,1.5314457e-07,1.3062112e-07,1.1603496e-07,2.7136792e-08,3,3,3,3,6.7234023e-05,2.4811989e-07,1.9402557
525,3.9190509e-06,3.3371828e-06,2.8393186e-06,2.4125006e-05,1.4847509e-07,1.2708247e-07,1.1277074e-07,2.6694277e-08,3,3,3,3,6.6137684e-05,1.4184411e-07,1.9402558
526,3.8017157e-06,3.2498755e-06,2.7602323e-06,2.3547976e-05,1.4391015e-07,1.2365924e-07,1.0954657e-07,2.6459954e-08,3,3,3,3,6.5557159e-05,1.3170797e-07,1.9402559
527,3.6871606e-06,3.165004e-06,2.6822078e-06,2.2977319e-05,1.3946587e-07,1.2035354e-07,1.0636977e-07,2.6045456e-08,3,3,3,3,6.4530227e-05,8.9153232e-08,1.940256
528,3.5750111e-06,3.0825813e-06,2.6051736e-06,2.2413602e-05,1.3515456e-07,1.1718266e-07,1.0324228e-07,2.5641351e-08,3,3,3,3,6.3529044e-05,2.2273471e-07,1.9402563
529,3.4663663e-06,3.0028996e-06,2.5291308e-06,2.1859177e-05,1.3101084e-07,1.141517e-07,1.0018104e-07,3.2298288e-08,3,3,3,3,8.0022311e-05,-9.638401e-08,1.9402562
530,3.3623895e-06,2.9266769e-06,2.4544085e-06,2.1325025e-05,1.2702699e-07,1.1123594e-07,9.7185241e-08,2.4732723e-08,3,3,3,3,6.127787e-05,5.0308439e-07,1.9402567
531,3.2594162e-06,2.8508649e-06,2.3800633e-06,2.0791952e-05,1.2315393e-07,1.0832769e-07,9.4195735e-08,2.4351323e-08,3,3,3,3,6.0332933e-05,5.8560309e-07,1.9402573
532,3.1604421e-06,2.7779706e-06,2.3072524e-06,2.0275529e-05,1.1943902e-07,1.0553e-07,9.1268951e-08,2.3978543e-08,3,3,3,3,5.9409351e-05,6.584193e-07,1.9402579
533,3.0652227e-06,2.7081732e-06,2.2365684e-06,1.9774297e-05,1.1589806e-07,1.028889e-07,8.8433304e-08,2.3637499e-08,3,3,3,3,5.8564397e-05,7.3651044e-07,1.9402586
534,2.9745412e-06,2.6413983e-06,2.1682673e-06,1.9285022e-05,1.1255905e-07,1.0041622e-07,8.5712061e-08,2.8849096e-08,3,3,3,3,7.1476696e-05,5.6771508e-08,1.9402587
535,2.8889341e-06,2.5761767e-06,2.1008988e-06,1.8813516e-05,1.0942718e-07,9.7999957e-08,8.3000089e-08,2.2706806e-08,3,3,3,3,5.6258531e-05,4.1300583e-07,1.9402591
536,2.8060915e-06,2.5116389e-06,2.0348574e-06,1.8347675e-05,1.0639185e-07,9.5598288e-08,8.0350426e-08,2.3301482e-08,3,3,3,3,5.7731917e-05,4.9354507e-07,1.9402596
537,2.7279689e-06,2.4504797e-06,1.9716481e-06,1.7897479e-05,1.0356486e-07,9.3370095e-08,7.7832043e-08,2.257062e-08,3,3,3,3,5.5921136e-05,5.1616319e-07,1.9402601
538,2.6543493e-06,2.3906234e-06,1.910137e-06,1.7457914e-05,1.0091972e-07,9.1219871e-08,7.5369957e-08,2.1767861e-08,3,3,3,3,5.3932225e-05,4.009598e-07,1.9402605
539,2.5847481e-06,2.332757e-06,1.8515327e-06,1.7028841e-05,9.847698e-08,8.9159884e-08,7.3034703e-08,2.5623859e-08,3,3,3,3,6.3485884e-05,1.4842059e-07,1.9402607
540,2.5189472e-06,2.2772181e-06,1.7954278e-06,1.6618936e-05,9.6213603e-08,8.7193528e-08,7.0830119e-08,2.0737154e-08,3,3,3,3,5.1378544e-05,2.7928503e-07,1.940261
541,2.4553761e-06,2.2215064e-06,1.740007e-06,1.6206793e-05,9.4051458e-08,8.5176816e-08,6.8650174e-08,2.1015626e-08,3,3,3,3,5.2068493e-05,4.7921932e-07,1.9402614
542,2.3955942e-06,2.1682852e-06,1.6870918e-06,1.5810571e-05,9.2017169e-08,8.326343e-08,6.6591061e-08,2.0651281e-08,3,3,3,3,5.116579e-05,5.3118494e-07,1.940262
543,2.3388984e-06,2.1175258e-06,1.6375517e-06,1.5426644e-05,9.01037e-08,8.1465976e-08,6.4686103e-08,2.02056e-08,3,3,3,3,5.0061569e-05,6.8962984e-07,1.9402627
544,2.2846914e-06,2.0687844e-06,1.5906108e-06,1.5051118e-05,8.8305071e-08,7.9728884e-08,6.2898171e-08,2.2847317e-08,3,3,3,3,5.6606709e-05,1.9966925e-07,1.9402629
545,2.2338549e-06,2.0225119e-06,1.5473968e-06,1.4690636e-05,8.6642778e-08,7.8096263e-08,6.1301877e-08,1.8701969e-08,3,3,3,3,4.6336155e-05,4.3693484e-07,1.9402633
546,2.1841881e-06,1.9755524e-06,1.5045809e-06,1.43356e-05,8.4987735e-08,7.6388524e-08,5.9702916e-08,1.8530031e-08,3,3,3,3,4.5910157e-05,5.6440507e-07,1.9402639
547,2.1371086e-06,1.9310983e-06,1.4646976e-06,1.3997652e-05,8.3426232e-08,7.4809803e-08,5.8242453e-08,1.8315802e-08,3,3,3,3,4.5379376e-05,5.4177281e-07,1.9402644
548,2.0920323e-06,1.8888978e-06,1.4270079e-06,1.367131e-05,8.1916437e-08,7.3297976e-08,5.6864794e-08,1.8114535e-08,3,3,3,3,4.4880711e-05,5.8364061e-07,1.940265
549,2.0489582e-06,1.8482891e-06,1.3913831e-06,1.3355945e-05,8.0465659e-08,7.1846487e-08,5.5580257e-08,1.7906044e-08,3,3,3,3,4.4364145e-05,6.9144096e-07,1.9402657
550,2.007838e-06,1.8095368e-06,1.3578252e-06,1.3055429e-05,7.9076111e-08,7.0449185e-08,5.4395706e-08,1.7660919e-08,3,3,3,3,4.3756816e-05,8.5261179e-07,1.9402665
551,1.9683745e-06,1.7724939e-06,1.326207e-06,1.2765675e-05,7.7759629e-08,6.9099339e-08,5.3281651e-08,2.0521682e-08,3,3,3,3,5.0844655e-05,2.9573213e-07,1.9402668
552,1.9313851e-06,1.7383136e-06,1.298261e-06,1.2487481e-05,7.6535924e-08,6.7889954e-08,5.235024e-08,1.6025409e-08,3,3,3,3,3.9704648e-05,4.3129865e-07,1.9402673
553,1.8947328e-06,1.7027249e-06,1.2695913e-06,1.2208796e-05,7.5285358e-08,6.6605581e-08,5.133718e-08,1.5984542e-08,3,3,3,3,3.9603389e-05,4.1918506e-07,1.9402677
554,1.8599804e-06,1.6696556e-06,1.2431223e-06,1.1944752e-05,7.4111524e-08,6.5432891e-08,5.0412508e-08,1.5825213e-08,3,3,3,3,3.9208624e-05,2.4864808e-07,1.9402679
555,1.8264837e-06,1.6382357e-06,1.2183551e-06,1.169088e-05,7.3000198e-08,6.4328345e-08,4.9531507e-08,1.5308012e-08,3,3,3,3,3.7927197e-05,1.4852433e-07,1.9402681
556,1.794463e-06,1.608475e-06,1.1951634e-06,1.1449217e-05,7.1924693e-08,6.3297786e-08,4.8704142e-08,1.5144914e-08,3,3,3,3,3.7523094e-05,1.2562793e-07,1.9402682
557,1.7635266e-06,1.579816e-06,1.173026e-06,1.121722e-05,7.0879397e-08,6.2281532e-08,4.7892088e-08,1.464566e-08,3,3,3,3,3.6286132e-05,1.3318025e-07,1.9402683
558,1.7335743e-06,1.5524008e-06,1.1521653e-06,1.0995361e-05,6.9853553e-08,6.1277786e-08,4.7111961e-08,1.4246215e-08,3,3,3,3,3.5296456e-05,1.4263883e-07,1.9402685
559,1.7046141e-06,1.5259762e-06,1.1325678e-06,1.0784487e-05,6.8832781e-08,6.0290902e-08,4.6361157e-08,1.3960059e-08,3,3,3,3,3.4587467e-05,1.3995351e-07,1.9402686
560,1.6764003e-06,1.5001997e-06,1.1139516e-06,1.0583575e-05,6.7840472e-08,5.9336112e-08,4.5650669e-08,1.3743864e-08,3,3,3,3,3.4051812e-05,1.2371253e-07,1.9402687
561,1.6491017e-06,1.4750989e-06,1.096376e-06,1.039512e-05,6.6864874e-08,5.8402594e-08,4.4976801e-08,1.3628693e-08,3,3,3,3,3.3766455e-05,1.3023089e-07,1.9402689
562,1.6227121e-06,1.4504979e-06,1.0795472e-06,1.0217137e-05,6.591359e-08,5.7484984e-08,4.4321806e-08,1.3119362e-08,3,3,3,3,3.2504527e-05,1.5309162e-07,1.940269
563,1.597256e-06,1.4263728e-06,1.0630708e-06,1.0047436e-05,6.4994191e-08,5.6579831e-08,4.3671769e-08,1.3067626e-08,3,3,3,3,3.2376336e-05,1.9181769e-07,1.9402692
564,1.572854e-06,1.4027113e-06,1.047119e-06,9.8829681e-06,6.4081794e-08,5.5690288e-08,4.3043825e-08,1.2870067e-08,3,3,3,3,3.1886853e-05,2.1396084e-07,1.9402694
565,1.5488801e-06,1.3795089e-06,1.0315058e-06,9.7222451e-06,6.3181502e-08,5.4811402e-08,4.2425251e-08,1.2664291e-08,3,3,3,3,3.1377016e-05,2.1917299e-07,1.9402696
566,1.5252207e-06,1.3569011e-06,1.016367e-06,9.5665275e-06,6.2288552e-08,5.3952354e-08,4.1813426e-08,1.2455202e-08,3,3,3,3,3.0858968e-05,1.9111976e-07,1.9402698
567,1.5017936e-06,1.3348671e-06,1.0014196e-06,9.4157188e-06,6.1398174e-08,5.3124756e-08,4.1209384e-08,1.2208447e-08,3,3,3,3,3.0247599e-05,1.4742715e-07,1.94027
568,1.478619e-06,1.313405e-06,9.8663431e-07,9.2692675e-06,6.0497682e-08,5.2307457e-08,4.0610912e-08,1.1980256e-08,3,3,3,3,2.9682225e-05,8.5398714e-08,1.9402701
569,1.4555634e-06,1.2923635e-06,9.7212e-07,9.123939e-06,5.9584079e-08,5.1505515e-08,4.0030268e-08,1.1748806e-08,3,3,3,3,2.9108778e-05,9.5478255e-09,1.9402701
570,1.4325722e-06,1.2718948e-06,9.5787136e-07,8.9793834e-06,5.8674191e-08,5.0731492e-08,3.9462651e-08,1.1529031e-08,3,3,3,3,2.8564255e-05,-5.824868e-08,1.94027
571,1.4097787e-06,1.2517545e-06,9.4369523e-07,8.8342485e-06,5.7771616e-08,4.9996283e-08,3.8908025e-08,1.1285273e-08,3,3,3,3,2.7960314e-05,-1.2910335e-07,1.9402699
572,1.3871688e-06,1.2324911e-06,9.2973007e-07,8.6882581e-06,5.6875691e-08,4.9292969e-08,3.8364631e-08,1.1118817e-08,3,3,3,3,2.7547897e-05,-2.1952003e-07,1.9402697
573,1.3650741e-06,1.2140504e-06,9.1585998e-07,8.5434485e-06,5.5990385e-08,4.8621913e-08,3.7827997e-08,1.1047983e-08,3,3,3,3,2.737239e-05,-3.4003791e-07,1.9402693
574,1.3435327e-06,1.1964572e-06,9.0227885e-07,8.4026771e-06,5.5107996e-08,4.7996756e-08,3.7290472e-08,1.2402203e-08,3,3,3,3,3.0727588e-05,-1.5464192e-07,1.9402692
575,1.3223518e-06,1.1791494e-06,8.8788755e-07,8.2639592e-06,5.4227695e-08,4.7371323e-08,3.6699313e-08,1.0169826e-08,3,3,3,3,2.5196664e-05,-5.6536913e-07,1.9402686
576,1.3015665e-06,1.1628984e-06,8.7450296e-07,8.1290398e-06,5.3384522e-08,4.6820825e-08,3.6162607e-08,1.0448421e-08,3,3,3,3,2.5886904e-05,-3.9980461e-07,1.9402682
577,1.2814181e-06,1.1474965e-06,8.6078763e-07,7.9967968e-06,5.2555964e-08,4.6275103e-08,3.5595723e-08,1.0315332e-08,3,3,3,3,2.5557156e-05,-3.9400025e-07,1.9402678
578,1.2618679e-06,1.1329003e-06,8.4752972e-07,7.8668163e-06,5.1744828e-08,4.5756297e-08,3.5050738e-08,9.6173318e-09,3,3,3,3,2.3827795e-05,-5.9073873e-07,1.9402672
579,1.2427776e-06,1.1187846e-06,8.3458965e-07,7.738454e-06,5.0946631e-08,4.5248548e-08,3.4521317e-08,1.0200451e-08,3,3,3,3,2.527252e-05,-4.3469091e-07,1.9402668
580,1.2243742e-06,1.1053305e-06,8.2177835e-07,7.6140516e-06,5.0184255e-08,4.4777876e-08,3.4007962e-08,1.0705695e-08,3,3,3,3,2.65243e-05,-2.3355233e-07,1.9402666
581,1.2063963e-06,1.0924686e-06,8.0888089e-07,7.4924436e-06,4.94324e-08,4.432352e-08,3.348893e-08,9.120644e-09,3,3,3,3,2.2597194e-05,-4.6035724e-07,1.9402661
582,1.1892053e-06,1.0797055e-06,7.9642265e-07,7.3772172e-06,4.8707183e-08,4.3887096e-08,3.2983174e-08,9.0119213e-09,3,3,3,3,2.232782e-05,-4.2257698e-07,1.9402657
583,1.1724886e-06,1.0671939e-06,7.8441022e-07,7.2652071e-06,4.8010842e-08,4.3448688e-08,3.2481311e-08,8.9469734e-09,3,3,3,3,2.2166903e-05,-4.4354262e-07,1.9402652
584,1.156391e-06,1.0549123e-06,7.7266118e-07,7.1563575e-06,4.7336598e-08,4.3008991e-08,3.1984173e-08,8.9005415e-09,3,3,3,3,2.205186e-05,-5.1072468e-07,1.9402647
585,1.1407471e-06,1.0425659e-06,7.6122732e-07,7.0525647e-06,4.6682953e-08,4.2564491e-08,3.1498839e-08,8.8343541e-09,3,3,3,3,2.1887873e-05,-6.0363329e-07,1.9402641
586,1.1256106e-06,1.030213e-06,7.5017454e-07,6.9539154e-06,4.6058072e-08,4.2129855e-08,3.1031482e-08,8.8013016e-09,3,3,3,3,2.180598e-05,-7.1657388e-07,1.9402634
587,1.1109479e-06,1.0180446e-06,7.3935768e-07,6.8591986e-06,4.5440805e-08,4.1700667e-08,3.0573269e-08,1.007714e-08,3,3,3,3,2.4966976e-05,-3.9445708e-07,1.940263
588,1.096583e-06,1.0053182e-06,7.2806982e-07,6.7687131e-06,4.4817908e-08,4.1241072e-08,3.0085717e-08,8.5420099e-09,3,3,3,3,2.1163559e-05,-6.4316957e-07,1.9402624
589,1.0827312e-06,9.9261276e-07,7.176553e-07,6.6800684e-06,4.4215048e-08,4.0783064e-08,2.9650172e-08,8.4604207e-09,3,3,3,3,2.0961413e-05,-5.5260656e-07,1.9402618
590,1.0692778e-06,9.8021365e-07,7.0788826e-07,6.5946659e-06,4.3612746e-08,4.0311004e-08,2.9239784e-08,8.4232178e-09,3,3,3,3,2.0869239e-05,-4.7888766e-07,1.9402613
591,1.0558741e-06,9.6757015e-07,6.9855263e-07,6.513149e-06,4.3004463e-08,3.9822568e-08,2.8839495e-08,1.0149563e-08,3,3,3,3,2.5146404e-05,-2.2450264e-07,1.9402611
592,1.0423269e-06,9.5408493e-07,6.8894278e-07,6.4362187e-06,4.2392154e-08,3.9281714e-08,2.8416686e-08,8.4795197e-09,3,3,3,3,2.100873e-05,-3.4903986e-07,1.9402608
593,1.0287848e-06,9.4027752e-07,6.7999828e-07,6.3590432e-06,4.1796406e-08,3.8735567e-08,2.8029998e-08,8.1699405e-09,3,3,3,3,2.0241721e-05,-2.7688562e-07,1.9402605
594,1.0155881e-06,9.2605621e-07,6.7108563e-07,6.2825497e-06,4.1199035e-08,3.8151823e-08,2.7651468e-08,7.8724486e-09,3,3,3,3,1.950466e-05,-1.5864614e-07,1.9402603
595,1.0025293e-06,9.1143406e-07,6.6202088e-07,6.2069234e-06,4.0597067e-08,3.7528069e-08,2.7263564e-08,7.7443403e-09,3,3,3,3,1.9187261e-05,-1.0609286e-07,1.9402602
596,9.8943737e-07,8.9667495e-07,6.533446e-07,6.1345414e-06,3.9995003e-08,3.6892973e-08,2.6896125e-08,7.6558159e-09,3,3,3,3,1.8967934e-05,-4.4682928e-08,1.9402602
