time_s,waveform_phase,superior_area_m2,superior_kinematic_pressure_m2_s2,superior_pressure_pa,superior_flow_m3_s,inferior_area_m2,inferior_kinematic_pressure_m2_s2,inferior_pressure_pa,inferior_flow_m3_s,pressure_drop_pa,mean_section_flow_m3_s,resistance_pa_s_m3,resistance_pa_per_l_min,resistance_masked
0.02,accelerating inspiration,7.188295387926616e-06,10.260524543273432,12.353671550101211,6.6071693152257e-06,6.079767156688031e-06,6.219438746008986,7.488204250194819,6.6249303026516605e-06,4.865467299906392,6.61604980893868e-06,735403.668414475,12.256727806907918,False
0.04,accelerating inspiration,7.188295387926614e-06,22.216811501726532,26.749041048078745,1.3163100399208432e-05,6.079767156688032e-06,13.00719916257054,15.66066779173493,1.3194464278769606e-05,11.088373256343814,1.3178782338989019e-05,841380.7111404523,14.023011852340872,False
0.06,accelerating inspiration,7.188295387926615e-06,35.883066910994245,43.203212560837066,1.966096422326606e-05,6.07976715668803e-06,20.580311031214602,24.77869448158238,1.970242006828944e-05,18.42451807925469,1.9681692145777748e-05,936124.6961281855,15.602078268803092,False
0.08,accelerating inspiration,7.188295387926615e-06,50.37635960910656,60.6531369693643,2.608046193569941e-05,6.079767156688032e-06,28.44409620256013,34.246691827882394,2.6128071482966296e-05,26.4064451414819,2.6104266709332855e-05,1011575.8253435638,16.859597089059395,False
0.1,accelerating inspiration,7.188295387926615e-06,65.19817590331866,78.49860378759566,3.239740249861417e-05,6.07976715668803e-06,36.25496039490965,43.65097231547122,3.2449000544685005e-05,34.84763147212444,3.2423201521649585e-05,1074774.5391168734,17.912908985281224,False
0.12,accelerating inspiration,7.188295387926616e-06,80.41928364278125,96.82481750590863,3.8586754243477576e-05,6.079767156688029e-06,44.173900449277994,53.1853761409307,3.864134941372765e-05,43.63944136497792,3.8614051828602614e-05,1130144.061511122,18.8357343585187,False
0.14,accelerating inspiration,7.188295387926614e-06,95.57330472699007,115.07025889129605,4.4624027011193654e-05,6.0797671566880284e-06,51.807120483352854,62.375773061956835,4.46810784650732e-05,52.69448582933921,4.465255273813343e-05,1180100.186844143,19.668336447402385,False
0.16,accelerating inspiration,7.188295387926614e-06,110.63148249414212,133.2003049229471,5.048542016703676e-05,6.079767156688029e-06,59.194532122975566,71.27021667606257,5.054455788990146e-05,61.93008824688453,5.0514989028469106e-05,1225974.4966386538,20.432908277310897,False
0.18,accelerating inspiration,7.188295387926612e-06,125.4810918451742,151.07923458158973,5.61477778807174e-05,6.07976715668803e-06,66.29246985023296,79.81613369968048,5.620876844465003e-05,71.26310088190925,5.617827316268372e-05,1268517.1129333607,21.141951882222678,False
0.2,accelerating inspiration,7.188295387926615e-06,140.0198331643455,168.58387912987197,6.158873160110977e-05,6.079767156688031e-06,73.06846819758563,87.9744357098931,6.165138789679725e-05,80.60944341997887,6.16200597489535e-05,1308168.8617049397,21.802814361748997,False
0.22,accelerating inspiration,7.188295387926614e-06,154.15050869905815,185.59721247366602,6.678680004550228e-05,6.07976715668803e-06,79.49688931348621,95.71425473343739,6.685093195344502e-05,89.88295774022862,6.681886599947365e-05,1345173.348810449,22.419555813507483,False
0.24,accelerating inspiration,7.188295387926616e-06,167.79380599550296,202.02374241858556,7.172144315907886e-05,6.079767156688031e-06,85.56473902369872,103.01994578453326,7.178687686317344e-05,99.0037966340523,7.175416001112615e-05,1379763.8578543856,22.996064297573096,False
0.26,accelerating inspiration,7.188295387926616e-06,180.82470515470183,217.712945006261,7.637319933048404e-05,6.079767156688031e-06,91.2325430796584,109.84398186790871,7.643982340106592e-05,107.86896313835229,7.640651136577497e-05,1411777.1013252987,23.529618355421643,False
0.28,accelerating inspiration,7.1882953879266165e-06,193.1736749321879,232.58110461835423,8.072368820700909e-05,6.079767156688033e-06,96.49423704771884,116.17906140545348,8.079142550153932e-05,116.40204321290075,8.075755685427421e-05,1441376.4822398785,24.022941370664643,False
0.3,accelerating inspiration,7.188295387926614e-06,204.8734801735985,246.66767012901258,8.475573943318303e-05,6.079767156688029e-06,101.45443685993672,122.15114197936381,8.482450752325113e-05,124.51652814964878,8.479012347821708e-05,1468526.3217199768,24.475438695332947,False
0.32,accelerating inspiration,7.188295387926616e-06,215.4197566139839,259.36538696323663,8.84534546674011e-05,6.07976715668803e-06,105.67513526855205,127.23286286333666,8.852314875527496e-05,132.13252409989994,8.848830171133803e-05,1493220.2510896395,24.887004184827326,False
0.34,accelerating inspiration,7.188295387926614e-06,225.28271078486773,271.24038378498074,9.180224952481588e-05,6.079767156688032e-06,109.69374068885577,132.07126378938233,9.187276042106039e-05,139.1691199955984,9.183750497293813e-05,1515384.3741356817,25.256406235594696,False
0.36,accelerating inspiration,7.188295387926614e-06,234.09225585205954,281.84707604587965,9.478886017434957e-05,6.079767156688031e-06,113.1978839938645,136.29025232861284,9.48601220569837e-05,145.55682371726684,9.482449111566663e-05,1535012.9698003551,25.583549496672585,False
0.38,accelerating inspiration,7.188295387926614e-06,241.84349960275983,291.17957352172283,9.740155094198761e-05,6.079767156688031e-06,116.23938938987564,139.95222482541027,9.747344320190349e-05,151.22734869631256,9.743749707194556e-05,1552044.6772626953,25.867411287711587,False
0.4,accelerating inspiration,7.188295387926615e-06,248.4809996542644,299.1711235837343,9.962998269106297e-05,6.07976715668803e-06,118.81175992556096,143.0493589503754,9.970239883756416e-05,156.1217646333589,9.966619076431357e-05,1566446.5897221768,26.10744316203628,False
0.42,accelerating inspiration,7.188295387926615e-06,253.95643938331304,305.7635530175089,0.00010146536686827547,6.079767156688031e-06,120.90973869776694,145.57532539211138,0.00010153820963939046,160.1882276253975,0.00010150178825383296,1578181.3343505147,26.303022239175245,False
0.44,accelerating inspiration,7.188295387926613e-06,258.010775682797,310.64497392208756,0.000102900451173092,6.079767156688031e-06,122.30871049807043,147.25968743967678,0.00010297362930773226,163.38528648241078,0.00010293704024041212,1587235.1303361764,26.45391883893627,False
0.46,accelerating inspiration,7.188295387926612e-06,261.2694733014498,314.56844585494554,0.00010392957997491589,6.079767156688031e-06,123.66690320349959,148.8949514570135,0.00010400299525254852,165.67349439793205,0.0001039662876137322,1593530.924307519,26.55884873845865,False
0.48,accelerating inspiration,7.188295387926616e-06,263.05194167977527,316.71453778244944,0.0001045486906424341,6.079767156688029e-06,124.32058493509494,149.6819842618543,0.00010462223946270199,167.03255352059512,0.00010458546505256804,1597091.4642549912,26.61819107091652,False
0.5,decelerating inspiration,7.188295387926614e-06,263.56462826672885,317.3318124331415,0.00010475535037225048,6.079767156688031e-06,124.4894874164203,149.88534284937003,0.0001048289411389955,167.4464695837715,0.000104792145755623,1597891.410433177,26.631523507219615,False
0.52,decelerating inspiration,7.188295387926615e-06,262.8028354581167,316.4146138915725,0.00010454871702462971,6.079767156688031e-06,124.17322891995634,149.50456761962744,0.00010462224975469163,166.91004627194508,0.00010458548338966067,1595919.8242654565,26.598663737757608,False
0.54,decelerating inspiration,7.188295387926615e-06,260.77212281446566,313.96963586861665,0.00010392963454207255,6.079767156688031e-06,123.3727237620704,148.54075940953274,0.0001040030151546651,165.4288764590839,0.00010396632484836881,1591177.4961782678,26.519624936304464,False
0.56,decelerating inspiration,7.188295387926614e-06,257.47187311582263,309.99613523145047,0.00010290052616129869,6.07976715668803e-06,122.07489101197211,146.9781687784144,0.0001029736587669245,163.01796645303602,0.0001029370924641116,1583665.9317910234,26.394432196517055,False
0.58,decelerating inspiration,7.188295387926615e-06,252.97097188450118,304.5770501489394,0.0001014654501808333,6.07976715668803e-06,120.32659212006027,144.87321691255255,0.00010153824900521021,159.70383323638686,0.00010150184959302176,1573408.1090810632,26.223468484684386,False
0.6,decelerating inspiration,7.188295387926615e-06,247.25619526575366,297.6964590999674,9.96300940297536e-05,6.0797671566880284e-06,118.08710321357931,142.1768722691495,9.970244906650943e-05,155.5195868308179,9.966627154813152e-05,1560403.3783456353,26.006722972427255,False
0.62,decelerating inspiration,7.188295387926615e-06,240.38459795720465,289.4230559404744,9.740167810490076e-05,6.07976715668803e-06,115.37622436522754,138.91297413573395,9.74735043466692e-05,150.51008180474042,9.743759122578499e-05,1544681.8821287816,25.744698035479693,False
0.64,decelerating inspiration,7.188295387926614e-06,232.40391569791566,279.81431450029044,9.478903009234924e-05,6.07976715668803e-06,112.19916728385961,135.08779740976698,9.486019419456783e-05,144.7265170905235,9.482461214345853e-05,1526254.7752008648,25.43757958668108,False
0.66,decelerating inspiration,7.188295387926614e-06,223.37368814931597,268.9419205317764,9.180242087302739e-05,6.079767156688031e-06,108.56439167937874,130.711527581972,9.18728440531253e-05,138.2303929498044,9.183763246307635e-05,1505160.675885024,25.0860112647504,False
0.68,decelerating inspiration,7.188295387926612e-06,213.35573356629007,256.88030321381325,8.845367503975554e-05,6.07976715668803e-06,104.47919297855157,125.79294834617608,8.852324666832116e-05,131.08735486763715,8.848846085403835e-05,1481406.2037293839,24.690103395489732,False
0.7,decelerating inspiration,7.188295387926615e-06,202.42284920506248,243.7171104428952,8.475596527585089e-05,6.079767156688029e-06,99.95462055193558,120.34536314453042,8.48246189845087e-05,123.37174729836478,8.47902921301798e-05,1455022.0809352833,24.250368015588055,False
0.72,decelerating inspiration,7.188295387926615e-06,190.64852036075715,229.5408185143516,8.07239367637029e-05,6.07976715668803e-06,95.0006339436614,114.38076326816832,8.079155229109307e-05,115.16005524618328,8.075774452739798e-05,1425993.9516650804,23.766565861084672,False
0.74,decelerating inspiration,7.188295387926613e-06,178.11237654508585,214.44730136028335,7.63734915514439e-05,6.07976715668803e-06,89.62833287426139,107.91251278061071,7.643996856963643e-05,106.53478857967265,7.640673006054017e-05,1394311.580868083,23.238526347801383,False
0.76,decelerating inspiration,7.188295387926616e-06,164.89107785302275,198.5288577350394,7.17217743223952e-05,6.07976715668803e-06,83.8476208812622,100.9525355410397,7.178704534366499e-05,97.5763221939997,7.17544098330301e-05,1359865.1625880036,22.664419376466725,False
0.78,decelerating inspiration,7.188295387926615e-06,151.09717128625593,181.92099422865212,6.678717547960296e-05,6.079767156688032e-06,77.69112259022198,93.54011159862726,6.685111468161878e-05,88.38088263002487,6.681914508061087e-05,1322688.0188814425,22.044800314690708,False
0.8,decelerating inspiration,7.188295387926615e-06,136.81376620905306,164.7237745156999,6.158915374377544e-05,6.079767156688031e-06,71.17217188579716,85.69129495049977,6.165159719024591e-05,79.0324795652001,6.162037546701067e-05,1282570.5615427685,21.37617602571281,False
0.82,decelerating inspiration,7.188295387926613e-06,122.1345236555923,147.04996648133312,5.614825385184908e-05,6.07976715668803e-06,64.31278831954833,77.43259713673619,5.6209012816749896e-05,69.61736934459694,5.617863333429949e-05,1239214.3634098074,20.65357272349679,False
0.84,decelerating inspiration,7.1882953879266165e-06,107.15696790605654,129.01698935889206,5.048595817686873e-05,6.079767156688029e-06,57.13876290772684,68.79507054090311,5.054484126953709e-05,60.22191881798895,5.051539972320291e-05,1192149.7038125508,19.86916173020918,False
0.86,decelerating inspiration,7.188295387926614e-06,91.9834174302506,110.74803458602172,4.462464892638225e-05,6.07976715668803e-06,49.682990499702775,59.81832056164214,4.468141497798038e-05,50.92971402437958,4.465303195218132e-05,1140565.641296652,19.009427354944197,False
0.88,decelerating inspiration,7.188295387926614e-06,76.72789299739549,92.38038316886416,3.8587482709602136e-05,6.079767156688031e-06,41.98992573972923,50.555870590633994,3.864175647563361e-05,41.82451257823017,3.8614619592617874e-05,1083126.3655961521,18.052106093269202,False
0.9,decelerating inspiration,7.188295387926616e-06,61.518535598298,74.06831686035079,3.239829786741075e-05,6.079767156688031e-06,34.11927449168704,41.07960648799119,3.244950402426192e-05,32.9887103723596,3.242390094583634e-05,1017419.5396003326,16.95699232667221,False
0.92,decelerating inspiration,7.188295387926614e-06,46.51589804917032,56.00514125120106,2.608159980819124e-05,6.07976715668803e-06,26.15916237146992,31.495631495249786,2.612874858133256e-05,24.509509755951274,2.61051741947619e-05,938875.5490805802,15.647925818009671,False
0.94,decelerating inspiration,7.188295387926614e-06,31.943521847476607,38.460000304361834,1.9662486868982046e-05,6.079767156688029e-06,18.243844257099155,21.965588485547382,1.9703427396050965e-05,16.494411818814452,1.9682957132516506e-05,838004.7625854687,13.966746043091145,False
0.96,decelerating inspiration,7.188295387926614e-06,18.175260871372906,21.883014089132978,1.3165277977888871e-05,6.079767156688031e-06,10.59738838720461,12.75925561819435,1.3196129939369655e-05,9.123758470938627,1.3180703958629262e-05,692205.704609988,11.5367617434998,False
0.98,decelerating inspiration,7.188295387926616e-06,5.9928431074598425,7.21538310138165,6.610847479128108e-06,6.079767156688032e-06,3.6505380025300864,4.395247755046224,6.628467836970653e-06,2.820135346335426,6.619657658049381e-06,426024.34929640114,7.100405821606685,False
1.0,accelerating expiration,7.188295387926616e-06,-2.4855035114667525,-2.99254622780597,2.562403042113791e-09,6.079767156688032e-06,-1.4956079219339538,-1.8007119380084802,2.7270953370261527e-09,-1.1918342897974896,2.644749189569972e-09,,,True
1.02,accelerating expiration,7.188295387926614e-06,-10.325256975007028,-12.43160939790846,-6.614916795880382e-06,6.07976715668803e-06,-6.735374319512608,-8.10939068069318,-6.620653903406296e-06,-4.322218717215281,-6.617785349643339e-06,653121.6243585513,10.885360405975856,False
1.04,accelerating expiration,7.1882953879266165e-06,-22.475570455088434,-27.060586827926475,-1.3183253982528728e-05,6.07976715668803e-06,-14.85996750826974,-17.891400879956766,-1.3182672891945174e-05,-9.169185947969707,-1.3182963437236952e-05,695532.9878311107,11.592216463851845,False
1.06,accelerating expiration,7.188295387926614e-06,-36.348013206328275,-43.76300790041924,-1.9690087669653563e-05,6.079767156688029e-06,-24.40459235793534,-29.383129198954148,-1.9684581299314646e-05,-14.379878701465094,-1.9687334484484106e-05,730412.6778969545,12.173544631615908,False
1.08,accelerating expiration,7.188295387926614e-06,-50.98234691972218,-61.382745691345505,-2.6114918399219546e-05,6.07976715668803e-06,-34.81151348291095,-41.913062233424775,-2.6106672152289868e-05,-19.469683457920727,-2.6110795275754707e-05,745656.4709080074,12.427607848466788,False
1.1,accelerating expiration,7.1882953879266165e-06,-66.02831585379778,-79.49809228797253,-3.243468290695236e-05,6.07976715668803e-06,-45.86228875644007,-55.21819566275384,-3.2425498486044816e-05,-24.279896625218676,-3.243009069649859e-05,748684.2035825736,12.478070059709559,False
1.12,accelerating expiration,7.188295387926616e-06,-81.31576085436281,-97.90417606865282,-3.862625517441009e-05,6.07976715668803e-06,-57.44149315341916,-69.15955775671667,-3.861646307191317e-05,-28.74461831193615,-3.862135912316163e-05,744267.3941191703,12.404456568652838,False
1.14,accelerating expiration,7.188295387926614e-06,-96.73065620849096,-116.4637100750231,-4.4665648364905486e-05,6.079767156688029e-06,-69.45091664604205,-83.61890364183462,-4.465527131392411e-05,-32.84480643318849,-4.46604598394148e-05,735433.6823061889,12.25722803843648,False
1.16,accelerating expiration,7.188295387926616e-06,-112.1388296867466,-135.0151509428429,-5.0529375703764476e-05,6.079767156688031e-06,-81.75448989676993,-98.43240583571098,-5.051790017492945e-05,-36.58274510713192,-5.052363793934696e-05,724071.872081917,12.067864534698616,False
1.18,accelerating expiration,7.188295387926613e-06,-127.40808835775628,-153.39933838273856,-5.619428275444131e-05,6.079767156688029e-06,-94.21140994065867,-113.43053756855304,-5.618097376406439e-05,-39.96880081418553,-5.618762825925285e-05,711345.2205130861,11.855753675218102,False
1.2,accelerating expiration,7.1882953879266165e-06,-142.45806790013864,-171.5195137517669,-6.163770685911456e-05,6.079767156688031e-06,-106.74224536986412,-128.51766342531639,-6.162218629038766e-05,-43.00185032645052,-6.16299465747511e-05,697742.7811704084,11.62904635284014,False
1.22,accelerating expiration,7.188295387926614e-06,-157.2625266157492,-189.34408204536203,-6.683812013666548e-05,6.079767156688033e-06,-119.18380772468801,-143.49730450052436,-6.682050072436e-05,-45.846777544837686,-6.682931043051275e-05,686027.9905552502,11.433799842587504,False
1.24,accelerating expiration,7.188295387926616e-06,-171.0015731707477,-205.8858940975802,-7.177491102144542e-05,6.07976715668803e-06,-131.08097913982527,-157.82149888434964,-7.175532348445002e-05,-48.06439521323059,-7.176511725294772e-05,669745.9302382226,11.162432170637043,False
1.26,accelerating expiration,7.188295387926613e-06,-184.412925817491,-222.03316268425914,-7.642873567708762e-05,6.07976715668803e-06,-142.78014794996594,-171.90729813175898,-7.64071491677576e-05,-50.12586455250016,-7.641794242242261e-05,655943.6562085737,10.932394270142895,False
1.28,accelerating expiration,7.188295387926614e-06,-197.08200791327113,-237.28673752757842,-8.078113580039953e-05,6.07976715668803e-06,-153.97415927329163,-185.38488776504312,-8.075770832506719e-05,-51.901849762535306,-8.076942206273335e-05,642592.80847922,10.709880141320333,False
1.3,accelerating expiration,7.188295387926612e-06,-208.90863786295915,-251.52599998700282,-8.481493380209226e-05,6.07976715668803e-06,-164.5459011002529,-198.11326492470448,-8.47897501805165e-05,-53.412735062298324,-8.480234199130438e-05,629849.7636748671,10.497496061247785,False
1.32,accelerating expiration,7.188295387926616e-06,-219.81007531452363,-264.65133067868646,-8.85142426141377e-05,6.07976715668803e-06,-174.39387547259597,-209.97022606900555,-8.848740529298505e-05,-54.68110460968091,-8.850082395356137e-05,617859.8364052912,10.297663940088187,False
1.34,accelerating expiration,7.188295387926614e-06,-229.7103797881995,-276.5712972649922,-9.18644680850545e-05,6.07976715668803e-06,-183.42253492603362,-220.84073205094447,-9.183615088322798e-05,-55.73056521404772,-9.185030948414123e-05,606754.2453264145,10.112570755440242,False
1.36,accelerating expiration,7.188295387926615e-06,-238.84185152815337,-287.56558923989667,-9.485235912755039e-05,6.079767156688028e-06,-191.848570674513,-230.98567909211366,-9.482272367658978e-05,-56.57991014778299,-9.483754140207008e-05,596598.2385383515,9.943303975639191,False
1.38,accelerating expiration,7.188295387926616e-06,-246.41178713154457,-296.67979170637966,-9.746615307436196e-05,6.079767156688031e-06,-198.85109174682225,-239.41671446317397,-9.743535798341128e-05,-57.26307724320567,-9.745075552888662e-05,587610.3980151452,9.793506633585753,False
1.4,accelerating expiration,7.1882953879266165e-06,-252.86683756366585,-304.45167242665366,-9.96955327666026e-05,6.079767156688029e-06,-204.86580729144592,-246.65843197890086,-9.966374876562277e-05,-57.7932404477528,-9.967964076611269e-05,579789.8146860128,9.663163578100214,False
1.42,accelerating expiration,7.188295387926616e-06,-258.2686350477269,-310.9554365974632,-0.0001015316997549599,6.079767156688029e-06,-209.94020990656844,-252.7680127275084,-0.00010149909462596013,-58.18742386995477,-0.00010151539719046001,573188.1614055585,9.553136023425974,False
1.44,accelerating expiration,7.188295387926614e-06,-262.4593975145455,-316.00111460751276,-0.00010296740614149643,6.079767156688031e-06,-213.90245756445097,-257.53855890759894,-0.0001029341487871368,-58.46255569991383,-0.00010295077746431662,567869.0063334132,9.46448343889022,False
1.46,accelerating expiration,7.188295387926613e-06,-265.53525188426744,-319.704443268658,-0.00010399698942772793,6.07976715668803e-06,-216.8391012147515,-261.0742778625608,-0.00010396325196149638,-58.63016540609718,-0.00010398012069461215,563859.3705646195,9.397656176076993,False
1.48,accelerating expiration,7.188295387926613e-06,-267.1423274203076,-321.6393622140503,-0.00010461636905164217,6.07976715668803e-06,-218.38476641757347,-262.93525876675847,-0.00010458233855202029,-58.70410344729188,-0.00010459935380183124,561228.165505781,9.353802758429683,False
1.5,decelerating expiration,7.188295387926615e-06,-267.6152334490807,-322.2087410726931,-0.00010482312144041002,6.07976715668803e-06,-218.87315207621918,-263.5232750997679,-0.00010478898877304041,-58.685465972925236,-0.00010480605510672521,559943.4680865066,9.33239113477511,False
1.52,decelerating expiration,7.188295387926614e-06,-266.8392575699051,-321.2744661141657,-0.00010461639968608295,6.0797671566880284e-06,-218.18645720090112,-262.69649446988495,-0.00010458235465731436,-58.577971644280794,-0.00010459937717169866,560022.1839574219,9.333703065957032,False
1.54,decelerating expiration,7.188295387926614e-06,-264.8293451885159,-318.8545316069731,-0.00010399705973511865,6.079767156688029e-06,-216.33672746407012,-260.4694198667404,-0.0001039632878497839,-58.385111740232716,-0.00010398017379245129,561502.348099281,9.358372468321349,False
1.56,decelerating expiration,7.1882953879266165e-06,-261.5645394867559,-314.9237055420541,-0.0001029675101442889,6.07976715668803e-06,-213.31953614769012,-256.8367215218189,-0.00010293420389182882,-58.08698402023521,-0.00010295085701805886,564220.4999813263,9.403674999688771,False
1.58,decelerating expiration,7.188295387926613e-06,-257.0901682125267,-309.53656252788215,-0.00010153183803409291,6.07976715668803e-06,-209.17524263317807,-251.8469921303464,-0.00010149917137269429,-57.68957039753573,-0.0001015155047033936,568283.3431808492,9.471389053014153,False
1.6,decelerating expiration,7.188295387926615e-06,-251.4171295422613,-302.7062239688826,-9.969571156711082e-05,6.07976715668803e-06,-203.92901420331813,-245.53053310079503,-9.966385257696128e-05,-57.17569086808758,-9.967978207203604e-05,573593.658408765,9.55989430681275,False
1.62,decelerating expiration,7.188295387926615e-06,-243.44050483947373,-293.1023678267264,-9.74663702045572e-05,6.079767156688031e-06,-196.47511406363756,-236.5560373326196,-9.743547891155984e-05,-56.54633049410675,-9.745092455805851e-05,580254.4280677198,9.670907134461997,False
1.64,decelerating expiration,7.188295387926614e-06,-236.29557605833986,-284.4998735742412,-9.485261053178696e-05,6.079767156688033e-06,-189.99977656560327,-228.75973098498633,-9.482286530981114e-05,-55.74014258925485,-9.483773792079905e-05,587742.2196194156,9.795703660323593,False
1.66,decelerating expiration,7.188295387926612e-06,-227.52581946153322,-273.941086631686,-9.186474771021499e-05,6.07976715668803e-06,-182.0337610710632,-219.16864832956009,-9.183631879297863e-05,-54.772438302125906,-9.18505332515968e-05,596321.3969819135,9.938689949698558,False
1.68,decelerating expiration,7.1882953879266165e-06,-217.41374602702854,-261.76615021654237,-8.851457777453973e-05,6.07976715668803e-06,-172.88020764986823,-208.14777001044135,-8.848760205770912e-05,-53.618380206101016,-8.850108991612443e-05,605849.9421523173,10.097499035871955,False
1.7,decelerating expiration,7.188295387926614e-06,-206.31510764014143,-248.40338959873029,-8.48153192077936e-05,6.079767156688029e-06,-162.91799957380553,-196.15327148686185,-8.478993611303436e-05,-52.250118111868424,-8.480262766041398e-05,616137.9612091769,10.268966020152948,False
1.72,decelerating expiration,7.188295387926613e-06,-194.3072091988484,-233.94587987541345,-8.078160594314344e-05,6.07976715668803e-06,-152.24302732926682,-183.30060490443725,-8.075793502196938e-05,-50.64527497097622,-8.07697704825564e-05,627032.5478009613,10.450542463349356,False
1.74,decelerating expiration,7.188295387926613e-06,-181.47169122446198,-218.49191623425222,-7.642931375735229e-05,6.07976715668803e-06,-140.95563304593477,-169.71058218730548,-7.640743586093631e-05,-48.78133404694675,-7.64183748091443e-05,638345.6095314595,10.639093492190993,False
1.76,decelerating expiration,7.188295387926616e-06,-167.90321042901138,-202.1554653565297,-7.177560416508059e-05,6.07976715668803e-06,-129.16894650174072,-155.51941158809583,-7.175558215709485e-05,-46.636053768433875,-7.176559316108771e-05,649838.616448872,10.8306436074812,False
1.78,decelerating expiration,7.188295387926613e-06,-153.71262718532478,-185.07000313113102,-6.683885609664614e-05,6.079767156688031e-06,-117.00938094148448,-140.8792946535473,-6.682084514073669e-05,-44.19070847758372,-6.682985061869142e-05,661242.0657607181,11.020701096011967,False
1.8,decelerating expiration,7.188295387926615e-06,-138.94054849522323,-167.28442038824875,-6.163865978356262e-05,6.079767156688029e-06,-104.53281039624902,-125.85750371708382,-6.16225011974056e-05,-41.426916671164946,-6.163058049048411e-05,672181.1857274547,11.203019762124246,False
1.82,decelerating expiration,7.188295387926614e-06,-123.89697567321312,-149.17195871054858,-5.6195404286040016e-05,6.079767156688029e-06,-92.0684824578207,-110.85045287921612,-5.618133925398607e-05,-38.321505831332466,-5.618837177001305e-05,682018.4430363601,11.366974050606002,False
1.84,decelerating expiration,7.188295387926615e-06,-108.5197022977888,-130.6577215665377,-5.053066802906484e-05,6.079767156688031e-06,-79.55527493635414,-95.78455102337038,-5.051851504655542e-05,-34.873170543167326,-5.052459153781013e-05,690221.7213783896,11.503695356306494,False
1.86,decelerating expiration,7.188295387926616e-06,-92.99787295679363,-111.96943903997952,-4.466685337771858e-05,6.079767156688029e-06,-67.19049970871363,-80.89736164929121,-4.465619119696635e-05,-31.072077390688317,-4.466152228734246e-05,695723.6520237123,11.595394200395205,False
1.88,decelerating expiration,7.188295387926615e-06,-77.46736207320832,-93.27070393614281,-3.862749314167294e-05,6.079767156688029e-06,-55.11381021939991,-66.35702750415749,-3.861756205511234e-05,-26.913676431985326,-3.862252759839264e-05,696838.8167610604,11.613980279351006,False
1.9,decelerating expiration,7.188295387926615e-06,-62.07388282934772,-74.73695492653465,-3.243595786443135e-05,6.07976715668803e-06,-43.466590929585735,-52.333775479221224,-3.242667061176104e-05,-22.403179447313427,-3.24313142380962e-05,690788.5163961999,11.513141939936666,False
1.92,decelerating expiration,7.188295387926616e-06,-46.95293831928744,-56.531337736422074,-2.6116276312396224e-05,6.07976715668803e-06,-32.3676658110163,-38.970669636463626,-2.610803029876511e-05,-17.560668099958452,-2.6112153305580666e-05,672509.3826791145,11.208489711318574,False
1.94,decelerating expiration,7.188295387926615e-06,-32.27614107068322,-38.86047384910259,-1.9691558268036168e-05,6.079767156688031e-06,-21.938472095413307,-26.41392040287762,-1.9685958364431002e-05,-12.446553446224971,-1.9688758316233583e-05,632165.4848067621,10.536091413446036,False
1.96,decelerating expiration,7.188295387926614e-06,-18.36681164802644,-22.113641224223834,-1.3184969809864181e-05,6.079767156688031e-06,-12.37660014897754,-14.901426579368957,-1.318420608797234e-05,-7.212214644854878,-1.3184587948918261e-05,547018.5850932573,9.116976418220954,False
1.98,decelerating expiration,7.188295387926613e-06,-6.025083158430285,-7.254200122750063,-6.616876046761688e-06,6.079767156688031e-06,-4.140519796403806,-4.985185834870182,-6.623510805294277e-06,-2.2690142878798807,-6.620193426027983e-06,342741.3886366241,5.712356477277068,False
2.0,decelerating expiration,7.188295387926615e-06,2.4889260725686047,2.9966669913726,-8.086574954477103e-10,6.079767156688031e-06,1.4964943911298516,1.8017792469203413,-2.75217877113007e-09,1.1948877444522585,-1.7804181332888903e-09,,,True
